nep4 2 O Ga 
cutoff 6 4 106 33
n_max 8 8
basis_size 8 8
l_max 4 2 0
ANN 50 0
  1.6486060e-04
  2.4711352e-04
  5.8519032e-05
  8.5276220e-04
 -5.0573290e-04
  3.5143152e-04
 -1.3280797e-05
 -1.5614217e-04
  1.5088664e-04
 -1.1806707e-04
 -5.8375666e-05
 -6.5627988e-05
 -4.6139103e-05
 -2.9333204e-04
  1.4955863e-04
 -3.2728207e-05
  1.1309352e-04
  2.3862961e-04
  5.9213929e-05
  4.4753258e-05
 -3.8109192e-05
  7.6939996e-06
  6.2987623e-05
 -3.0942552e-04
 -2.1550765e-04
 -1.0912645e-04
  1.3280009e-04
 -1.0120369e-04
  8.0517617e-05
  1.7667204e-04
 -1.3975674e-04
  8.1640159e-05
  1.7094158e-04
 -1.7995037e-04
  1.0681840e-04
 -6.8554917e-05
 -2.5556061e-05
  1.3079469e-04
 -1.3187352e-04
 -1.9034748e-06
 -5.3266234e-05
  1.7313549e-04
 -4.5365823e-06
 -1.7059579e-05
 -2.5220859e-05
 -2.8117184e-04
  6.2888044e-05
 -1.4940467e-04
  7.4680931e-05
 -1.2406376e-04
 -7.0717637e-05
 -1.9485224e-04
 -1.1186218e-05
 -1.3226712e-04
 -1.2947445e-01
 -3.2253541e-02
  4.7608864e-04
  3.5548916e-03
 -3.2234448e-01
  2.5686893e-01
  1.4778179e-01
  4.6869130e-03
  1.8618613e-01
 -1.4169899e-01
 -1.2841538e-03
  2.7397962e-02
  9.5277250e-02
  1.1642185e-01
  2.8542493e-02
 -1.6944479e-03
 -1.3301339e-03
 -3.6280088e-02
  3.5209963e-03
 -1.1049868e-04
 -1.2106014e-02
  1.0134616e-02
 -2.7280157e-03
  2.4034387e-01
  2.4084979e-05
 -3.9786953e-03
 -6.9053121e-02
  1.4129123e-03
  1.2865145e-02
 -1.1439418e-01
  5.4738806e-03
 -6.8876945e-04
  3.6634567e-01
 -2.5547102e-02
  4.9385265e-04
 -1.1024839e-01
 -3.2116640e-02
  1.0585598e-02
 -1.9041449e-01
 -1.0546031e-04
 -1.1911981e-04
  6.4183131e-02
 -4.3362436e-01
 -2.9517052e-04
 -2.7078089e-01
 -1.5241054e-01
  3.3448054e-05
 -4.1772597e-02
 -5.0278819e-01
 -1.8374655e-01
  2.0668460e-03
 -2.0655470e-01
 -8.8920087e-02
  1.4403989e-02
  4.2841312e-01
 -7.8086572e-04
 -3.2760471e-02
  2.5214729e-04
 -2.0931801e-04
  5.4185977e-04
  4.3186126e-05
  1.0258007e-03
 -1.4585102e-04
 -1.6131083e-04
  8.5320651e-05
  2.7868536e-04
 -1.9040654e-04
  3.0216917e-05
  2.4084951e-04
 -2.1064677e-04
 -9.8758843e-05
  6.0354989e-05
  4.2617958e-05
 -3.4015509e-05
 -3.7355779e-04
  5.2331758e-05
  1.4637545e-04
 -3.3642427e-05
 -1.7889550e-05
 -1.9546683e-04
 -1.0397446e-04
  8.9032423e-05
  2.7067898e-04
  8.2890583e-05
  1.2531322e-05
 -3.0356139e-04
  2.9808016e-05
  7.0832859e-05
  3.7303334e-04
 -1.6944090e-04
 -2.0590010e-04
 -1.4853676e-05
 -1.5276497e-04
  2.1439609e-04
  1.7484120e-04
 -5.0880237e-05
 -4.7592408e-04
 -4.8251625e-04
 -1.9768374e-04
 -2.0846725e-04
  2.9009333e-04
  7.8101497e-05
  5.4014701e-05
  1.5474683e-04
  7.7131052e-05
 -1.9510972e-04
  1.0701179e-04
  5.3187341e-05
 -5.7981721e-05
 -2.2049391e-04
 -5.7185482e-04
  6.6965976e-04
 -6.0045029e-05
  1.5819111e-04
 -3.0453677e-05
 -1.2173806e-04
 -7.2807408e-05
  1.5373435e-04
 -5.5900612e-04
  2.2776517e-04
 -4.3389762e-05
  2.3824842e-04
  2.9057835e-04
 -9.6742850e-05
 -1.9519334e-04
  1.7252985e-06
  2.7366143e-06
 -5.2364904e-04
 -1.3605657e-05
  9.6789816e-05
 -2.0201114e-05
  9.5578498e-04
  7.0231858e-05
 -1.5538830e-05
 -5.3652755e-05
 -6.6654378e-05
  2.1036994e-05
 -3.0901338e-05
  1.2455336e-04
 -4.6281956e-04
 -2.1211890e-04
 -7.5448093e-05
  3.0813788e-03
 -3.2598031e-04
 -1.6349013e-04
  1.4180053e-05
 -4.6636666e-05
 -1.7904629e-05
 -8.6871460e-06
  1.5663738e-05
 -1.1027141e-05
  2.2837457e-05
 -8.1025486e-05
 -8.2414090e-06
  1.8165876e-04
 -2.1037582e-04
  9.5652918e-05
 -2.8406104e-04
 -1.4649704e-04
 -2.1437689e-04
  5.2029340e-05
 -4.6432244e-05
  1.1976665e+00
 -3.6725098e-01
  6.2026417e-01
 -2.9741308e-01
  1.3580906e+00
  2.7719823e-01
 -2.8859553e-01
  1.9687320e+00
  1.0357633e+00
  4.9124825e-01
 -4.5421723e-01
  6.1550802e-01
 -5.4437011e-01
  2.8004708e-02
  1.1545024e+00
 -1.0061166e-01
  6.7834541e-02
 -1.3231295e-01
  4.5398983e-01
 -1.1238408e+00
  2.9156506e-01
 -7.6804477e-01
 -5.0065526e-05
  6.8836069e-01
 -3.2132308e-03
  6.7675643e-02
 -2.2810672e-01
 -5.7861388e-01
 -1.0664284e+00
 -5.4257573e-03
 -1.6307440e-01
  4.5274040e-01
  1.3543122e+00
 -6.2758893e-01
 -4.8255923e-05
  2.3268801e-01
  2.5876766e-01
 -1.0894438e+00
 -7.6434857e-01
 -4.3465298e-01
 -9.8859839e-02
  3.4394428e-01
 -5.4098272e-01
 -3.4054478e-06
 -5.8906114e-01
 -5.9814416e-03
 -1.0356066e-01
 -1.0851783e-02
  6.1659865e-02
  1.8129758e-04
  3.2443222e-01
 -8.7090552e-02
 -5.7888559e-05
  1.3867705e-03
 -9.1900033e-01
 -4.8487827e-01
 -1.8329582e-01
 -5.7331625e-02
 -5.7200438e-01
  1.3823071e-04
 -2.9625693e-02
 -9.1447979e-02
 -5.3060349e-02
  3.9219937e-01
  3.1993994e-05
 -1.0250783e-01
 -6.5283944e-05
  7.5647205e-02
 -9.0361485e-05
  3.7701133e-01
  1.3952966e+00
  3.2581769e-02
  1.0055343e+00
 -6.1553061e-02
 -3.1928829e-04
 -2.7985114e-04
  5.1146344e-04
  6.3707528e-05
  2.1959189e-01
  8.8975018e-01
  1.4128881e-04
  5.0370866e-01
  2.3178641e-01
 -7.2671304e-05
 -7.3118351e-02
  4.1269263e-06
 -3.4889337e-02
  1.7150443e-02
  9.0538408e-04
  1.8539336e+00
  3.3243814e-01
 -3.6138143e-02
 -9.9563898e-05
 -1.8602508e-04
 -1.7884158e-05
 -3.6575401e-04
 -6.6286402e-06
  2.8809180e-05
  6.2675783e-05
  3.0513916e-06
  1.9526016e-05
 -1.7707149e-04
  1.1814373e-05
 -5.2456840e-06
 -1.6538201e-05
  4.6674854e-06
  1.3455652e+00
 -1.5677059e-04
  1.0684228e+00
 -4.8570493e-01
 -1.6632011e+00
  5.1778343e-02
 -2.0410213e+00
  1.1439949e-01
  8.3465219e-02
 -4.3847267e-02
 -5.2280564e-05
 -2.0250637e-02
 -1.2666893e-01
  1.0851402e-03
 -3.1733908e-02
  5.2326806e-02
  1.2322201e-04
  2.1445876e-06
  1.4015587e-04
  2.5413722e-01
  1.7204197e-01
 -1.5380716e-02
 -2.1109699e-05
  3.6659427e-02
  2.3990624e-05
 -2.7416208e-01
 -3.9344886e-04
 -8.8689136e-05
 -1.0016337e-02
 -5.7745881e-05
  5.4509473e-01
  2.4635857e-04
  2.8370500e-01
  5.1922092e-05
  7.2337866e-02
 -3.8247657e-05
 -7.0901573e-05
  5.6208151e-05
 -3.8122165e-05
  1.1234056e-04
 -1.6489306e-03
 -2.0879436e-04
 -2.8152583e-04
  2.8738398e-03
 -4.0811097e-04
  1.6983970e-04
 -3.3945340e-04
 -2.3534207e-04
 -2.2013776e-04
  7.4484757e-05
  4.4569664e-05
  1.5655717e-04
  6.0127433e-02
 -2.5075051e-04
 -8.4316467e-05
  1.2094539e-05
 -3.4550977e-01
 -5.1136795e-02
  3.0397418e-01
  1.7890677e-01
 -1.0550474e-01
  1.0554728e-01
 -2.6289687e-01
  1.6443862e-01
  4.4800190e-04
 -2.4599093e-04
 -1.8950710e-04
 -7.4550866e-05
 -7.2552465e-02
 -3.1488608e-03
 -1.8935016e-05
 -3.6360379e-05
 -3.1299327e-04
 -3.0026836e-03
  3.6154659e-05
  8.1497461e-02
  1.4923971e-04
  7.9774469e-02
 -2.0337397e-05
  2.1431591e-04
  9.8443452e-05
 -8.0414684e-05
  2.2976323e-04
 -7.9901227e-05
  1.2439499e-03
 -1.2574433e-05
 -1.6035006e-05
  6.5291948e-05
  5.1686482e-04
 -1.7002267e-05
 -9.9381475e-07
 -7.0234157e-05
 -2.3626621e-04
  8.2243519e-04
  7.8415345e-05
 -8.1568272e-05
  4.2296753e-05
  4.7764540e-02
 -1.0111410e-05
 -2.0891797e-05
 -4.9924478e-04
  4.2883978e-05
 -5.0986168e-04
  1.1015502e-05
 -1.7967515e-04
  8.8100627e-05
  1.8155070e-04
 -1.1856288e-05
  9.4188172e-06
  1.9415031e-05
  1.2730809e+00
  2.8088340e-01
 -5.7783002e-01
  1.0747483e+00
  1.7276863e+00
 -7.1427673e-01
 -7.6743424e-01
 -7.1918911e-01
 -1.8884581e-01
  4.2412621e-01
 -1.1807427e+00
 -2.9230705e-01
  5.6003646e-05
  5.1912570e-01
 -4.2365381e-01
 -7.6685488e-02
 -3.3254886e-01
 -3.6726686e-01
  1.0862638e+00
 -9.7779608e-01
 -1.0398003e-01
 -3.5085436e-02
  7.8866728e-02
  8.7277699e-01
 -2.2517531e-01
  1.6583060e-04
  4.9718753e-03
  5.0059533e-01
 -9.7380149e-01
 -3.1183013e-01
  7.3753409e-02
  9.8330015e-01
  2.2827475e-01
  8.2698250e-01
 -6.3761950e-01
  5.5728358e-01
  2.5119537e-01
 -8.0986984e-02
  1.5034695e-01
 -6.0151812e-02
  3.4658611e-04
  2.0931898e-01
  4.1337711e-01
  2.7105010e-03
  3.0521381e-01
  9.5036522e-02
 -8.9842921e-01
  1.1965146e-03
 -1.3021269e-01
  1.1959226e-03
 -3.0422059e-01
  1.5563005e-01
  7.4414979e-04
 -2.6343952e-05
  2.7270216e-04
 -1.1318151e-02
  1.5171500e-01
 -5.1583942e-07
 -7.7875018e-02
  3.6339968e-04
  1.0716572e-04
  1.0959468e-04
  8.0059712e-05
 -3.2533868e-04
 -1.8076549e-04
  4.1641449e-04
 -4.8240006e-05
 -5.9985428e-05
  6.2744756e-04
  4.7686608e-06
  1.0083935e-04
 -8.6475676e-04
 -1.6681611e-04
  1.7796944e-04
 -1.8338969e-05
 -4.8999646e-05
 -1.5177228e-04
  2.4834968e-04
 -6.1760552e-06
  1.1215590e-04
 -6.9647875e-05
 -5.2645053e-05
  1.7788877e-03
  6.7776557e-05
  1.4686286e-04
  2.9710337e-04
 -3.7652128e-05
  8.4843878e-06
  2.1293161e-04
  7.7040677e-05
  5.4568151e-05
  4.2322924e-04
 -1.4720656e-04
  1.3872350e-05
  2.3901634e-05
  5.5123388e-04
  1.1390697e-04
  4.0461149e-05
 -9.2627168e-05
 -1.4020120e-04
  2.4540874e-04
 -2.5995320e-04
 -1.8339843e-04
 -3.9762969e-04
  8.2648781e-05
  4.6340388e-06
 -5.3077678e-05
  5.0116680e-04
  1.1659369e+00
 -2.0798098e-01
 -1.6523544e-01
 -5.5443114e-01
 -5.3659905e-02
 -3.2827371e-01
  3.0348605e-01
 -8.7406002e-02
 -3.0385163e-01
  7.7084651e-06
 -1.1099065e-02
 -1.2961742e-01
 -4.0817139e-01
  4.9234722e-02
 -3.8669124e-02
 -8.6164335e-05
  2.5623027e-02
  1.9804990e-01
 -4.9968545e-05
 -1.5156318e-01
 -5.3719938e-05
 -3.0042437e-01
  1.7502022e-04
 -1.0601488e-03
 -3.3597484e-02
  1.2035039e-01
 -8.6044138e-03
  2.6600258e-02
  5.0676000e-01
  5.1212695e-04
  1.6915116e-01
 -2.2127617e-02
 -2.6526071e-02
  1.4976307e-02
 -8.9875473e-05
  9.9372370e-03
  5.2041285e-02
 -1.1368341e-01
  1.8613660e-01
 -8.7332278e-02
  9.1268669e-04
 -2.0218316e-04
  1.5585350e-01
  6.5394714e-05
  8.2805986e-03
 -2.2917753e-01
 -3.5053477e-02
  3.5720612e-05
 -4.7628146e-02
  2.8608678e-05
  5.5221180e-03
  7.0209248e-04
  3.2994212e-04
  7.7352408e-05
 -2.3986724e-04
 -5.7432702e-05
 -5.8527607e-05
 -1.5375736e-04
  1.0421638e-04
  5.3242511e-05
  1.5079264e-04
  1.6430355e-04
 -4.1741088e-05
 -1.6229200e-05
  1.1675426e-05
 -8.0664191e-05
 -3.0411157e-04
 -1.8268976e-04
 -1.5852085e-05
  1.5572028e-04
 -7.1805429e-05
  2.6848057e-04
 -6.6886307e-05
  4.0431038e-05
  1.4763710e-05
  5.0060535e-05
  7.5733522e-05
  3.7181602e-05
 -1.3329243e-04
  7.2518582e-05
 -2.4355064e-05
  4.1845087e-05
  4.9725120e-05
 -1.9709050e-04
 -7.9649755e-05
  1.2735299e-04
  9.6172320e-05
  1.1950405e-04
  1.5699034e-05
 -2.2040335e-04
 -1.7668128e-04
  1.3734036e-05
  4.3487125e-05
 -4.4919125e-06
 -1.9089700e-04
  1.0044700e-04
  6.9897163e-05
 -8.2632847e-05
  7.7359357e-05
  7.7763965e-05
  1.1434450e-04
  1.5861259e-04
  1.4586620e-04
  5.2471514e-05
  4.5667966e-05
  3.4207300e-05
  1.2463704e-05
  5.9648057e-05
 -3.9474890e-02
 -5.3771740e-01
  1.3751392e-01
 -2.6427299e-01
 -1.0343267e+00
  5.8566976e-01
  7.4294841e-01
  2.9278913e-01
  9.7620964e-01
 -1.1716568e-01
  1.2332228e-01
  3.1565949e-02
  3.3257082e-01
  1.5877848e-04
  2.9551318e-05
 -9.0671558e-04
 -1.1691781e+00
  3.8597143e-01
 -2.4678864e-04
  1.1310310e-03
  6.4514030e-04
  7.9514764e-02
 -1.5009848e-04
  5.2775646e-04
  8.1655075e-05
 -3.9186540e-01
  3.3870257e-02
 -3.4355832e-04
  2.1921450e-02
  4.0991351e-02
 -4.7826706e-03
 -3.9496124e-04
  1.7952262e-01
 -9.0178546e-05
 -1.7805066e-04
  6.9589812e-05
 -1.0284833e-01
  1.1469435e-02
 -5.6151842e-04
  9.4311566e-05
  2.1466069e-04
  4.0107708e-02
 -1.4289944e-04
 -6.3893654e-05
  2.9213412e-04
 -6.5983702e-05
 -2.1068887e-04
 -1.7967133e-04
  2.6140136e-05
  1.8069889e-04
  7.3128896e-05
 -1.2416310e-04
 -5.1425319e-02
  2.3336796e-04
 -2.7568257e-01
 -1.1002828e+00
  2.3135287e-01
 -1.0715868e-01
  5.4833513e-01
 -8.4143853e-01
 -1.4253513e+00
 -1.1819587e-01
 -4.6290958e-01
  1.3719118e-04
  4.6985377e-05
 -1.3094121e-03
 -2.1756938e-01
 -4.3131815e-05
 -1.5080400e-04
  9.5626427e-05
  2.5391798e-06
  5.1920414e-01
 -8.9888403e-05
 -3.5858179e-06
  1.1548745e-04
 -7.4954535e-04
  3.0642175e-04
 -1.6222864e-02
 -8.6287728e-05
  8.9833346e-05
  6.7486792e-07
 -9.5158168e-05
 -7.5166933e-02
 -1.3176303e-01
 -4.7093358e-02
 -4.8381142e-05
 -2.7700236e-02
  6.8825779e-05
  1.2814694e-04
 -5.6708697e-05
  3.5462875e-04
 -1.7222104e-04
  1.7233411e-04
 -3.0175678e-04
  2.2894186e-05
 -7.2740091e-05
  3.6044876e-06
  5.3747146e-05
  6.2118791e-04
 -7.7678269e-05
  7.1657822e-05
  2.2520371e-04
 -5.1840395e-04
 -1.6655667e-04
  3.0525195e-04
  4.6304381e-04
  9.9390309e-06
  2.0683555e-04
  9.0652955e-01
 -1.5551891e+00
 -7.7866566e-01
 -3.3766744e-01
 -1.0747966e+00
 -4.7840708e-01
 -6.0459949e-02
 -1.9134216e-01
 -5.2131847e-05
  7.4415322e-05
  2.0412523e-04
 -6.4834363e-05
  5.3245795e-04
 -2.3997887e-05
 -3.9261693e-05
  4.6317335e-05
 -2.1270049e-05
 -1.1268346e-04
 -5.2685091e-06
 -2.1887310e-04
  3.6568588e-04
 -1.9920492e-04
 -7.4970303e-05
  3.7673071e-05
  1.5820842e-04
  1.6081074e-05
  2.6708661e-04
 -9.9786052e-07
 -5.7291822e-04
 -2.1089063e-04
 -2.3415340e-04
  3.8235565e-05
 -2.0259343e-02
  9.0873429e-05
 -6.1980681e-04
 -1.6931184e-04
  1.2548117e-05
 -2.7322100e-04
  8.9045679e-05
  8.4712221e-05
  4.5204833e-05
  3.2841701e-05
  1.0966068e-04
 -8.2528677e-05
 -3.2548338e-05
 -4.6650684e-04
  4.0020066e-04
 -2.9132198e-04
  4.4429218e-04
  5.7618327e-05
  6.6689223e-05
  2.0638561e-04
 -1.0830538e-05
  8.7790715e-05
 -6.9877082e-05
  3.8359538e-02
 -1.5213653e-01
  4.2159166e-04
 -3.9709190e-01
  1.5123996e-01
  4.1402824e-02
  1.0890775e-02
  7.2319098e-03
 -8.4994955e-04
 -6.8735812e-05
  1.5089061e-03
  7.3588947e-03
 -9.9767669e-05
  1.5192396e-05
  1.2691488e-04
 -3.9352750e-04
 -7.0158844e-03
  4.0547916e-04
 -3.9865213e-04
 -3.4680241e-05
  4.2808950e-02
  1.1564056e-04
  5.4634698e-03
 -8.8540466e-05
  8.9460649e-05
 -3.6671277e-04
  3.5505168e-04
  1.2705062e-03
  3.0796669e-04
  2.4075355e-04
 -1.4623051e-04
 -4.2107768e-04
 -3.3552956e-02
 -5.5594046e-05
 -2.3343700e-03
 -6.3196337e-04
  7.8203675e-04
 -4.8714485e-03
  1.3072779e-04
  7.7543755e-06
  1.0930013e-04
 -1.9116428e-03
 -1.0785291e-04
 -1.4797591e-05
  1.1804200e-04
 -1.0506094e-04
 -9.9442863e-05
 -8.4344458e-05
  5.4899574e-05
  1.2597580e-04
 -2.9757810e-03
 -8.7283493e-05
  3.0076978e-04
  2.4628560e-05
  1.4036053e-04
 -3.0852119e-05
 -1.9529058e-05
  1.9566609e-04
  1.7626931e-04
 -1.6293261e-04
 -1.2593632e-04
 -2.9756122e-05
 -2.0490751e-04
  2.3321971e-05
 -2.2928193e-04
 -9.8228287e-05
 -1.4352314e-04
 -1.5375825e-05
 -7.9180281e-05
 -1.6768413e-04
  7.4578085e-05
  1.6750502e-05
 -2.6528953e-04
 -5.8790145e-05
  4.5341498e-05
  6.2571111e-05
 -4.2506770e-04
  8.6612607e-05
  6.3462263e-05
 -3.1304819e-05
 -1.6830445e-05
  1.5198464e-04
 -6.4460910e-05
 -8.6224009e-06
  5.1328057e-05
 -3.4302975e-05
  7.3247960e-05
  1.9452747e-05
 -5.6985341e-06
  9.9626312e-05
 -1.1155666e-04
  3.7934013e-05
  3.3874763e-04
  7.8015248e-05
 -1.4521279e-04
  3.8932779e-04
  6.7086170e-05
  6.6819295e-05
  2.0553489e-04
  4.9173486e-05
  1.0865505e-05
  3.7684029e-05
  1.5538584e-05
  1.4474762e-04
 -4.5636520e-05
 -3.9050457e-04
  8.5766042e-05
  9.4479829e-04
 -4.6401294e-03
  4.3550737e-02
  1.9846901e-03
 -4.1044988e-02
  4.6241954e-01
  4.2210675e-05
  4.5235366e-02
  1.9553341e-01
 -1.4288419e-04
  2.3668092e-04
  3.5634758e-03
 -7.9532787e-05
  5.1725894e-02
 -3.9478717e-05
 -5.1412056e-04
 -4.1426966e-04
 -2.2375556e-03
  3.4779758e-04
 -1.5866659e-06
 -4.4515222e-05
  1.0259829e-01
 -5.4221897e-04
  1.8458972e-04
  3.4755092e-05
  1.3918022e-05
  7.2344403e-05
  1.1568962e-04
  4.0856698e-03
 -2.0564559e-04
  3.7468894e-04
  4.5228336e-04
  5.4626800e-02
 -6.7792401e-02
  1.7696699e-05
 -5.2328822e-03
 -2.3187220e-03
  3.4597155e-04
 -2.6875805e-02
  4.0432700e-05
  3.3946690e-04
  2.1113572e-01
 -3.0040836e-02
 -2.9611128e-04
 -7.7391596e-04
  3.9713752e-05
 -4.3229611e-06
 -7.0309266e-05
 -1.7425064e-04
 -2.2245247e-05
  6.4480926e-05
 -2.6690608e-03
  1.0021879e-05
 -2.3236116e-05
  1.6120433e-05
  1.4384006e-04
  4.2279068e-02
 -2.8920188e-04
  3.0381375e-04
 -9.7663596e-04
 -4.2225706e-04
 -1.3645052e-04
 -1.5015499e-04
 -2.2981013e-04
  1.8199033e-05
 -1.3916250e-04
 -5.7834832e-06
 -2.1872174e-05
  3.4276757e-04
 -5.4558768e-05
 -2.6117616e-05
 -7.6264449e-05
  3.4690493e-05
  4.0048722e-04
 -1.3911576e-04
 -1.1126175e-05
  1.0596753e-04
 -6.7440301e-06
  4.7064728e-05
  1.1694767e-04
 -4.0070936e-05
 -5.5111603e-05
 -6.2791921e-02
  9.7892829e-05
 -1.5832468e-04
 -1.1897832e-03
 -4.1427757e-06
 -1.4892951e-04
 -2.8191713e-04
  2.4018279e-06
  1.0925093e-04
 -2.5963634e-05
 -9.5373754e-05
  6.5963082e-05
 -8.2843100e-05
 -8.2529579e-05
 -5.2983010e-05
  3.2144919e-04
  2.7434024e-04
 -8.8075227e-05
 -1.0068086e-04
 -6.8958259e-05
 -3.2206848e-05
 -1.4880409e-04
 -8.2391991e-05
 -1.8320325e-05
  2.2219711e-04
  1.9685875e-04
 -3.1005939e-02
  9.3151111e-04
 -2.6719588e-01
  9.1998452e-05
  1.2455732e-01
  5.2949174e-05
  8.4358267e-03
 -3.3955902e-01
 -7.5770728e-02
  1.3149369e-05
  3.3185733e-04
 -7.0346679e-05
  4.1676879e-02
  8.2908404e-01
  1.6316271e-05
  2.8289412e-04
  3.1872420e-04
  3.2342559e-01
  1.4029897e-05
 -2.4398142e-02
  2.2239612e-04
  1.1102306e-05
  1.2454907e-05
  3.8622136e-05
  1.6449665e-05
  9.9746634e-05
  1.4643109e-04
 -2.7478099e-01
 -3.5380060e-04
  1.5369484e-04
 -8.9281282e-05
 -1.8176945e-05
  9.9640587e-05
  2.5200705e-05
 -1.3160043e-04
  1.4879022e-04
  5.2230159e-04
 -6.9631489e-05
 -7.4961108e-06
  3.7686179e-05
 -4.0826493e-05
  3.2274231e-05
  2.1574006e-04
 -3.1880956e-04
 -2.7479216e-05
 -8.9182548e-05
  7.3517644e-05
  1.0082023e-05
  2.2960569e-04
  1.7989406e-04
 -4.0347521e-05
 -3.5171426e-05
  1.6320555e-05
 -2.1074234e-04
 -3.7003824e-04
  9.9119075e-05
  1.8143879e-04
  3.3795310e-04
  3.0009269e-05
  3.4996228e-05
 -7.1165130e-05
 -9.8257051e-06
 -7.6816221e-05
 -2.3528437e-04
 -1.0944138e-06
  7.9540390e-05
  1.6155938e-04
 -1.0106447e-04
 -1.5489517e-05
 -1.9410021e-04
 -5.3714950e-05
  2.8491838e-04
 -9.6901676e-05
  1.5634738e-04
  4.4311088e-05
  1.3981514e-04
  3.1824295e-06
  3.6375743e-05
  1.6826385e-04
 -2.1816024e-05
  1.4381352e-04
 -1.0515953e-03
 -1.4584238e-04
 -3.6062240e-05
  4.4590230e-05
 -8.5434094e-06
 -1.9679441e-05
 -3.2692060e-06
  6.7776899e-05
 -1.1039887e-04
 -7.8893558e-05
  7.2200106e-05
  8.5707561e-06
  5.1984342e-05
 -1.2404118e-04
 -7.1447947e-05
  3.6583241e-04
  2.9665083e-04
  5.6410350e-05
  4.4482596e-05
  3.5671670e-05
 -2.8481244e-04
  2.2287817e-04
  1.7100245e-04
  1.6638692e-04
  1.3868720e-04
 -1.3165492e-05
  1.4668575e-04
  6.3728570e-05
  3.6466961e-05
 -5.4126862e-04
  7.1700971e-04
 -7.5541917e-05
  4.4036035e-05
 -8.6915694e-05
  3.5720875e-06
 -3.8683400e-05
 -6.6862667e-05
  5.5061777e-05
  1.7013267e-04
 -3.5201744e-04
  4.3850829e-05
 -3.3188518e-04
 -7.6419319e-06
  2.2630769e-05
 -2.8005215e-05
  5.4073844e-05
  1.3171471e-06
 -6.3633575e-05
  6.0383907e-05
 -4.1481104e-05
  9.9447199e-05
 -8.0701000e-05
 -3.7935275e-05
 -3.6675636e-05
 -2.4325744e-05
 -6.9263653e-05
  1.7431866e-04
 -3.5290803e-05
  8.9708119e-05
  4.8034031e-05
  2.3035692e-04
 -1.0403332e-04
 -2.3193858e-04
 -2.8681658e-05
 -1.6359739e-04
 -2.1638622e-04
 -2.3556846e-04
  5.7160473e-06
  6.7028639e-05
 -1.0221090e-04
 -3.9310381e-04
  1.7600720e-05
 -1.4552019e-04
  1.5152086e-04
  7.9406062e-05
  1.5593748e-04
  5.0838655e-05
  3.8603335e-04
 -1.4216591e-04
 -2.5164973e-05
 -1.3267029e-04
  1.9281133e-05
 -2.8642223e-04
  1.6666051e-04
 -3.0980990e-04
 -8.8008128e-06
 -8.9327354e-05
 -6.6722096e-05
  5.6104655e-05
  2.3514597e-04
 -1.1628117e-04
 -2.3275941e-04
 -1.5342412e-04
  4.9295137e-05
  1.4279495e-04
 -7.1153256e-05
  9.3649098e-05
  3.9768303e-05
 -1.0777364e-04
 -8.9982441e-06
  3.3155768e-05
 -3.1637144e-04
  7.7626061e-07
 -2.7607015e-04
 -5.9061153e-05
 -6.4963708e-05
  9.5409214e-06
 -1.4964577e-04
  4.7602056e-04
  1.4181781e-04
 -1.2062614e-04
  1.9183419e-06
 -6.1926658e-05
  3.3634534e-04
  2.1285789e-05
  1.7315372e-04
  9.4602692e-05
 -7.9897865e-05
 -1.3941179e-04
  7.7552912e-05
  8.8098504e-06
 -7.3320267e-04
 -4.5435590e-06
 -4.1905780e-05
 -1.0412987e-05
 -4.6832579e-06
  5.2342789e-06
 -2.9290795e-06
 -2.0833992e-04
  1.4305883e-04
  1.7572884e-04
  1.8625108e-04
 -3.8391685e-05
  2.3746560e-04
  1.9824058e-04
 -5.2857143e-01
  7.2021284e-03
  4.1239864e-01
 -1.4950534e-04
 -6.0749181e-02
 -1.7063753e-04
 -3.3932749e-05
  3.4662615e-05
  1.9539447e-04
  1.5785916e-03
  3.3884865e-04
 -1.3106357e-04
 -1.1222271e-04
  5.3321006e-04
  4.6844107e-05
  4.1777980e-06
 -1.5567897e-05
  8.4142557e-06
 -2.1103839e-04
 -1.1851329e-04
 -2.6848031e-06
 -1.5084555e-04
 -1.3938022e-05
 -4.7547552e-01
 -2.5896746e-04
 -2.8206539e-05
  6.6596584e-04
  1.8879946e-04
  2.2133943e-05
 -1.0721469e-04
 -2.6125804e-04
  2.5679197e-04
  7.1684415e-05
  5.2903983e-04
 -1.1164800e-04
  1.4129125e-04
  2.5537101e-04
 -2.9754639e-04
 -1.8932286e-04
  4.5870187e-05
 -8.0754304e-05
 -6.6241878e-04
 -5.5405035e-05
 -9.9440667e-06
  1.0490706e-04
  3.0738945e-04
  6.4245774e-05
 -8.7002292e-05
  9.9795012e-05
  2.4018693e-05
  7.3975025e-05
 -4.3465494e-05
  7.6433331e-05
 -7.9200887e-05
  7.9762566e-01
  1.9380263e+00
 -9.6889347e-01
  1.4313235e+00
  1.0750730e+00
 -2.0033769e-01
 -7.8129286e-01
 -2.0656698e+00
  7.4871010e-01
 -5.7382470e-01
 -2.7787569e-01
  7.4678725e-01
  4.9834827e-01
  1.2726540e-04
 -3.6509016e-01
  2.5747061e-01
  3.0888921e-01
 -4.6839330e-02
 -4.6964586e-01
  5.7662535e-01
 -7.7937847e-01
  3.1553605e-01
 -2.5092351e-01
 -1.3537925e-01
  5.0413389e-02
 -1.0577263e-04
  2.7229392e-04
 -1.5116027e-03
 -1.0383354e-02
  4.3739433e-06
  2.6269159e-01
  1.8094428e-04
 -8.3136034e-01
  1.9987558e-01
 -2.2224314e-04
  1.8391164e-02
 -1.6712488e-01
  3.8331007e-05
  1.1049672e-04
  2.6714897e-01
 -1.8219460e-05
  3.2379873e-02
 -4.1010171e-05
 -5.4003787e-04
 -8.6556785e-03
 -1.2242373e-01
  2.7219430e-04
  2.5122790e-04
  9.2012346e-02
 -9.1304688e-04
  1.0485523e-02
 -1.9299313e-03
  9.0676709e-05
 -4.9495728e-05
  3.6987196e-05
  8.9953486e-03
  2.6568165e-01
 -1.9897662e-02
  4.7592068e-01
 -3.2682605e-02
 -5.4166470e-02
 -8.1066996e-02
 -4.2930093e-05
 -2.8296070e-05
  4.5679109e-05
 -2.5964389e-03
  6.3170977e-05
  9.7595730e-06
 -4.1806208e-05
  3.4922905e-05
  2.3433004e-04
  4.0669757e-04
  1.7860750e-05
 -2.5505125e-05
  1.9887986e-04
 -9.3051590e-02
  4.3408254e-05
 -1.3570597e-04
 -2.9964544e-04
 -4.1132611e-05
 -1.9644729e-04
 -1.9813089e-04
 -2.2017621e-03
  6.4000312e-07
 -5.6494130e-03
  3.1812760e-04
  3.0928405e-04
 -1.6295609e-05
  1.0507457e-04
  9.4633499e-05
  6.1690836e-04
 -1.1501803e-04
  1.2539579e-02
  4.2868585e-05
 -2.4890005e-05
 -5.3758360e-04
  2.2838905e-04
  3.5556062e-04
  3.4566841e-04
  3.0905991e-05
  1.1416940e-04
 -2.9724735e-05
 -1.8157922e-05
  1.7340833e-04
  7.5419812e-05
  2.3889364e-05
  5.7764464e-05
 -1.2608976e-04
  3.1933436e-05
  3.2537348e-05
  6.5672444e-05
  1.6317952e-04
 -1.9634618e-04
  1.5112004e-04
  6.2593783e-05
  1.3106249e-04
 -7.1013819e-05
 -2.3780975e-05
 -1.6657514e-05
  1.9515138e-04
  8.9893490e-03
 -4.8421927e-05
  1.6138381e-04
  3.5789009e-04
  4.4310986e-04
 -1.3734226e-04
 -1.1326250e-04
  1.2550621e-04
  1.2155889e-05
  1.5563252e-04
  3.9123192e-05
 -9.8386605e-05
  4.0168132e-05
  5.1400591e-05
 -5.3146519e-05
 -1.5169120e-04
  1.2316943e-04
  7.5288619e-05
  1.1250829e-04
  1.5650474e-05
 -1.7938607e-04
  8.4312604e-05
 -1.3149148e-05
  1.4985986e-04
 -4.5940193e-05
 -8.0770697e-05
  1.6144823e-04
  3.6741685e-04
 -9.8383905e-05
  6.9288493e-05
  1.0718595e-04
 -1.2045700e-04
  3.9324608e-05
  2.3099847e-04
  6.8572495e-05
  1.0404137e-04
 -7.1819515e-05
 -3.1800948e-05
  8.1404432e-05
  9.9707700e-05
  3.7326001e-05
  7.4151794e-05
  1.5964757e-05
  9.8940020e-04
  2.2449240e-02
 -1.0601004e-04
 -5.5666696e-02
 -6.8856658e-05
  1.4871674e-05
 -1.9176722e-04
  3.2756161e-05
  7.2499156e-06
 -3.6458998e-05
 -1.3189144e-04
  3.8796490e-05
  2.9736909e-04
 -1.2181715e-04
  1.2123542e-04
  1.3037972e-04
  1.2792026e-04
  3.9828992e-05
 -1.1861590e-04
  8.5932559e-05
 -2.1685117e-04
 -2.5117685e-04
  8.6957152e-05
  1.5063370e-04
  4.2322048e-04
  6.5972738e-05
  1.5071132e-04
  6.9705624e-05
 -3.1748251e-04
  4.2173157e-05
  8.6374159e-05
 -1.0128603e-04
 -1.4555800e-01
  1.0755277e-04
 -2.2029250e-04
 -1.0539883e-04
 -6.3995045e-05
  4.9316630e-05
 -1.0476119e-04
 -1.0315037e-04
 -3.4194440e-04
  1.2656332e-04
  5.4694552e-05
  4.4287506e-05
 -4.6929970e-05
 -1.6363597e-04
  2.4579640e-04
 -1.2176784e-04
 -1.4930639e-04
 -5.8465259e-05
  2.0420195e-04
 -4.9733269e-05
  5.0432285e-05
 -1.7283512e-05
  2.9193623e-05
 -3.4992838e-05
 -3.3953376e-05
  4.2180386e-07
  9.3777708e-05
 -1.1836486e-04
 -2.3607325e-04
  7.6246957e-05
  8.5143016e-05
 -3.7898595e-04
 -1.2696622e-05
  2.8010288e-06
  7.7398581e-06
 -7.6250944e-05
 -1.1421216e-04
  1.0353905e-04
  1.1073612e-05
 -4.7253081e-05
  5.1772490e-04
 -7.3042720e-05
 -1.4893635e-04
 -2.7077331e-05
 -6.7977577e-05
  4.3951204e-05
  4.9960676e-05
 -1.5793560e-04
 -8.7053180e-05
  1.7640321e-04
  2.9338036e-05
  4.9116490e-05
  1.3400692e-05
 -1.9851023e-04
  6.5481618e-05
 -9.1577989e-05
 -5.6076037e-06
 -1.5989106e-04
 -4.0109553e-05
  1.5724402e-04
 -1.1001061e-05
 -2.2152966e-04
 -1.4751969e-05
 -3.4703400e-05
 -3.5869217e-04
  1.7287515e-03
  1.0413752e-04
  1.5535085e-04
 -2.1516177e-04
 -3.5706278e-05
  1.4063953e-05
 -2.7247157e-04
  1.5785542e-04
  4.8882986e-05
  5.7839894e-05
  5.8651593e-05
  2.0625994e-04
  7.1434818e-02
 -2.2306949e-05
  2.2194846e-01
 -8.4112980e-04
 -6.2970404e-04
 -6.2553641e-05
 -2.6707834e-04
  2.3553663e-04
  1.4917311e-04
 -4.7329060e-05
  1.6249699e-04
 -2.6789910e-05
 -1.7493479e-05
 -1.4761818e-04
  5.1332824e-04
  1.8634403e-04
 -1.8010323e-04
 -2.1785861e-04
 -6.9039495e-05
 -2.7388081e-04
  4.2093638e-05
 -3.6632206e-05
  1.8456647e-05
  2.3864734e-04
  1.8431760e-04
  3.8243347e-04
 -2.0742732e-04
  2.3384951e-06
 -1.6105537e-04
  1.4677852e-04
 -2.2804216e-01
  6.7792676e-04
 -5.0206308e-04
  1.0150222e-04
 -2.7645303e-05
  1.4499151e-04
  7.2595183e-05
  2.4704222e-01
  1.1479056e-04
 -2.3530332e-04
 -2.3040831e-05
  2.3302318e-05
  5.9401098e-04
  6.6860135e-05
  8.6273671e-05
 -1.4411237e-05
 -2.5075637e-05
 -1.2203506e-04
 -2.0393300e-05
 -3.3512642e-06
  2.4908420e-04
 -1.0223806e-04
 -3.3488707e-04
 -5.0916835e-05
 -6.4710424e-05
  3.5226290e-05
 -2.5855286e-02
  2.0076841e-04
 -2.2362210e-05
  1.8660608e-03
 -1.2280823e-04
 -3.8714421e-05
  6.4695821e-05
  1.7244506e-04
  7.7467055e-05
 -4.1576859e-05
  2.1967498e-05
  9.6035241e-05
  7.5109259e-05
  2.1809783e-05
  2.0885264e-04
 -8.3009407e-05
 -2.3424762e-05
  5.3188141e-04
 -3.1334763e-05
 -8.9658839e-05
 -4.4424287e-05
 -3.0493176e-05
 -6.2427971e-05
  3.6952402e-05
 -7.3697272e-05
 -3.5552293e-05
 -5.1354586e-05
  2.1534519e-04
 -8.0522375e-05
 -5.3524858e-05
 -1.9967249e-04
 -3.9240147e-04
  2.4327074e-04
 -9.7332326e-05
 -3.9788455e-04
  8.4313041e-01
 -6.5604814e-05
  1.4128450e-01
  7.5556973e-06
 -2.6721935e-05
  8.7983921e-05
 -7.0625742e-05
 -8.3795479e-05
  5.3912023e-04
 -3.0203435e-05
 -3.5787107e-05
 -1.6859478e-05
 -2.7040692e-04
  1.4736142e-05
 -7.8532707e-05
 -1.5921836e-05
 -6.2527957e-05
 -8.5667753e-06
  1.4247434e-04
  1.5767464e-06
  1.6536529e-04
  2.5165756e-04
  2.8970875e-05
 -1.1133940e-05
  8.7015869e-05
 -2.0418943e-04
  2.3320948e-05
  1.3490808e-04
 -6.4940718e-06
  3.5305071e-05
  2.6050475e-05
 -4.4583165e-05
 -1.2244117e-04
  1.0883739e-06
  6.2478153e-05
  9.5024297e-06
 -3.6016634e-05
  1.4777714e-04
  1.7571594e-05
  2.8813993e-05
  2.9157727e-05
 -2.1781512e-05
 -9.1116628e-05
  1.2799373e-05
 -6.1694831e-05
 -5.4076630e-05
  3.8281119e-05
  9.5743817e-05
  1.7591819e-05
 -1.3558124e-04
  2.5615453e-05
 -1.7992653e-04
  9.5328323e-06
 -6.2803025e-05
 -1.3337236e-04
 -6.0088252e-05
 -5.4067736e-05
 -4.6562000e-05
  9.6312851e-06
  8.0576283e-05
  3.3233919e-05
 -2.5270405e-04
  8.6283209e-05
  7.9657639e-06
 -8.2780971e-05
  1.2450989e-05
  1.2748294e-06
 -1.3552106e-04
 -1.3607098e-05
 -8.0903071e-01
 -7.9338211e-01
  6.3586128e-01
 -6.7301192e-03
  8.0707091e-01
 -2.9296675e+00
 -6.7463255e-01
 -1.7223345e+00
 -2.8057122e-01
 -3.7151462e-01
  5.8609056e-01
 -4.2371687e-01
 -3.4419712e-02
 -6.3970846e-01
 -2.9073736e-01
 -2.2390008e-02
 -7.3343188e-01
  6.3778430e-01
 -8.7313545e-01
  5.6200212e-01
 -7.0464331e-01
  3.3665073e-01
 -4.8666048e-01
  9.2892535e-03
  2.6038050e-04
 -9.9982077e-01
  8.6317830e-02
  3.4992348e-02
  5.6884491e-01
 -6.0423470e-01
  5.4845744e-01
 -3.6988428e-01
 -4.2745936e-01
  1.9428192e-01
  3.1249232e-03
  1.0865338e-02
 -9.6508169e-01
  3.0938008e-01
  6.0408395e-02
  6.6828871e-01
 -1.0193318e-04
 -5.5235672e-01
  1.4221104e-04
 -1.3396122e-01
  7.3718904e-05
 -5.6827176e-02
  3.5823394e-02
  1.0552861e-04
  2.9040009e-01
 -1.2472617e-01
  1.3786964e-01
 -2.9422645e-04
 -4.8525754e-01
  2.1577264e-04
 -8.8152701e-05
 -2.1407488e-05
 -3.3275921e-02
  5.5480434e-04
 -5.6819238e-02
  4.6913521e-04
  2.5378427e-04
  1.3069234e-05
 -1.7443432e-04
 -1.3742833e-05
  2.0522350e-05
  7.5258176e-05
  5.7103243e-05
 -1.1970932e-04
 -8.3731647e-05
  1.0183386e-04
  6.3499443e-05
  2.1321845e-05
  7.4690042e-06
 -5.1730582e-05
  7.3960524e-05
 -4.9015402e-05
  4.0150986e-05
  6.1390070e-05
 -2.9096256e-05
  1.7582694e-05
 -2.5384741e-05
  8.8721587e-05
  3.4620878e-04
 -3.2894075e-04
  6.7678266e-05
 -1.5246503e-04
 -1.4772090e-05
 -5.7921639e-05
 -1.2158936e-04
 -4.4324690e-05
 -1.4579207e-04
  1.1161690e-04
 -4.5336370e-04
  1.3164731e-05
 -1.2097180e-04
 -6.7216635e-05
  1.4412720e-04
  9.7207776e-06
 -6.6269851e-05
 -1.1149337e-04
 -7.0092894e-05
  4.0525145e-05
 -3.0563966e-05
  1.2879592e-04
  2.3324702e-04
  5.1362596e-05
  1.0453670e-04
 -2.9402316e-05
  3.3161644e-04
  1.5747942e-04
 -1.5565548e-04
 -1.5682415e-06
  7.1725998e-07
 -2.2477817e-04
  4.9297258e-05
  8.2825485e-05
 -2.2108581e-05
 -7.6944605e-05
  3.4012953e-07
 -2.1226881e-05
 -2.2141708e-04
  4.6519479e-05
  1.3452405e-04
 -3.4104980e-06
 -1.1318216e-04
 -1.9332854e-04
 -3.0163261e-05
  4.7704880e-06
  4.5260047e-05
  2.5443034e-04
  2.2531951e-04
 -6.4082880e-05
 -1.8738043e-04
 -8.1091734e-05
 -5.1188072e-05
  1.1618385e-04
 -4.8734928e-05
  1.7764787e-04
 -2.5225981e-04
 -8.0331651e-05
 -3.6396610e-05
 -2.3877474e-05
  4.4484132e-05
  1.2866250e-05
  4.6237747e-05
  5.6778870e-05
 -1.3325455e-04
  7.0566872e-05
 -3.1904361e-05
  1.6500718e-04
 -2.4914884e-04
 -1.5104878e-04
 -8.7941116e-05
  6.0683993e-05
 -9.3275285e-06
  3.4982417e-04
  7.6880788e-05
 -5.7921246e-05
 -5.3000090e-06
 -1.8527673e-04
  1.9023379e-05
 -6.1188352e-05
  5.2067899e-05
  5.9577229e-05
 -2.9934590e-05
  4.3405849e-05
  2.0827963e-05
  4.3457796e-05
 -1.6375384e-04
 -1.3812921e-04
 -9.1155765e-05
  1.0353050e-04
  1.1724509e-04
  3.6938544e-04
  1.1208139e-04
 -2.4425028e-05
 -6.5531320e-05
  1.3984829e-04
  3.6872720e-05
  1.7741909e-04
  5.0768016e-05
  6.3327374e-05
 -5.7424654e-06
 -2.1461891e-04
  2.0658879e-05
 -6.5733031e-05
  8.4311301e-05
 -7.4512784e-05
 -1.6591733e-04
 -3.4386372e-05
  7.0413931e-05
  1.1491621e-04
 -6.1951505e-05
  1.3659794e-04
  4.6396010e-05
  9.1253598e-05
  1.2888608e-04
 -2.2940568e-04
 -1.1462006e-04
 -3.9503906e-05
  4.0889121e-05
  5.3012340e-05
  2.6574748e-04
  6.6937150e-06
  3.4386878e-05
 -1.3531861e-04
 -1.8580975e-04
 -8.0028651e-05
 -1.0017508e-04
 -1.5841174e-04
 -1.4791290e-04
  1.3290133e-04
 -8.4356543e-05
 -9.5537223e-05
 -7.3674848e-05
 -5.1406969e-05
  4.9070257e-01
 -1.4452492e+00
  7.6786989e-01
  3.4656268e-02
  3.0864328e-01
  3.2363862e-01
  1.8760009e+00
  9.3340915e-01
  5.2279234e-02
 -1.8598768e-01
 -1.0593804e-01
  1.2570110e-01
 -2.9493067e-01
  1.1156673e+00
  2.0719061e-04
  1.2540361e-02
 -1.4590770e-04
 -3.8981549e-02
 -1.4511977e-04
 -2.0516696e-04
 -2.7966874e-02
 -2.5667541e-04
 -1.1022035e-04
 -2.1636140e-01
 -6.5712303e-02
  4.7075693e-05
 -4.1584220e-02
  2.0948024e-01
  5.3987914e-01
 -5.3216517e-03
  1.3164903e-01
 -3.7551354e-04
  7.5374141e-02
 -1.1158253e-04
  1.7533665e-04
 -5.2934244e-02
 -2.5128428e-04
  7.7895797e-04
 -4.3496356e-04
  8.1561462e-05
 -2.9988421e-04
  2.4235677e-02
 -5.2993444e-05
 -9.8099576e-05
  6.5687955e-06
 -2.1105222e-04
 -1.6801598e-03
 -7.3901982e-05
 -4.4695332e-04
  1.0992298e-04
  1.9816820e-01
 -9.1916656e-05
 -1.3142919e-04
 -5.0749313e-05
  8.6042091e-05
 -1.5287687e-05
  5.1117298e-05
 -1.4625232e-05
  1.1667474e-04
  1.9296211e-05
  3.8875034e-05
 -9.7657603e-06
 -9.5370924e-05
  2.0779550e-02
 -4.4714288e-05
  6.8327749e-06
 -1.1242537e-04
  3.1308149e-04
 -1.5107545e-05
  6.3256382e-05
  3.2515116e-05
  1.5526641e-05
  2.1762202e-05
  1.8327398e-04
  2.2581553e-04
 -3.7322494e-05
 -9.9459532e-05
 -4.6652749e-05
 -2.6734475e-05
 -2.8827318e-04
 -1.4451334e-04
 -8.2853920e-05
  3.6305311e-05
  7.7275108e-05
  1.5440935e-04
 -2.8552194e-04
  3.9822601e-07
  3.2435524e-05
 -6.5272388e-06
 -6.9213267e-05
 -2.1338179e-04
  1.1197474e-05
  4.3381086e-05
 -1.6035822e-04
 -4.7113062e-05
 -6.3076033e-05
 -1.0698687e-05
 -1.5227945e-06
  2.0236525e-04
 -8.8324755e-01
 -9.2111499e-05
 -1.7513690e-04
  7.2167510e-05
  9.6138450e-05
 -1.0966750e-04
 -1.0441680e-04
 -1.1215500e-05
  5.4527918e-05
 -5.8354981e-05
 -1.1958470e-04
  7.6827506e-05
  1.0399533e-04
  1.2019075e-05
 -7.0077404e-05
  8.9436122e-05
  1.8763028e-04
  8.2986880e-05
 -1.6251615e-04
 -6.2213087e-04
 -3.9025977e-05
  4.2724903e-04
 -9.1013360e-05
  1.3557711e-04
 -1.0125845e-04
 -9.6929114e-05
 -4.4181954e-05
 -1.6912494e-05
 -1.1974996e-05
  8.5105319e-05
 -7.9781734e-05
 -3.5170775e-05
 -1.0191961e-05
 -1.7700392e-04
  9.5524672e-05
 -2.0675789e-04
 -4.9645078e-05
 -1.0338911e-04
  2.2949465e-05
  3.8720005e-05
  1.1040758e-04
  8.2851351e-05
  1.5675618e-05
  2.0145557e-05
 -1.0983718e-04
  7.0516339e-06
 -1.7003726e-05
 -2.3512125e-04
  1.0269024e-04
 -2.3076745e-06
  7.0287883e-06
  5.3366629e-04
  1.1710876e-04
 -1.6173164e-04
  2.1453887e-04
 -3.1915559e-05
 -1.5474382e-04
 -1.8589903e-04
 -4.3037966e-05
  1.0566918e-04
  2.6025629e-04
  9.1480870e-05
  2.0336651e-04
  2.9176762e-04
 -6.0409807e-06
 -1.4244304e-04
  2.7510783e-05
 -2.9912250e-04
 -1.4378051e-05
  3.8653448e-05
  4.5994824e-05
 -8.9400436e-07
  1.6026656e-04
 -3.2178583e-04
 -2.3989569e-04
  2.0300572e-04
 -1.6808408e-04
 -1.9523849e-04
  5.0488608e-05
 -1.9276480e-04
  4.0875672e-04
 -1.0074152e-04
  1.2772866e-04
 -1.0321962e-04
  3.0889726e-04
  2.0194854e-04
  1.0207510e-04
  7.1586190e-05
 -6.3200394e-05
 -8.8246750e-05
  3.4671040e-05
 -1.8721695e-04
  3.7642264e-01
 -1.2192353e-05
 -2.5193231e-05
 -2.2173012e-04
  4.2098742e-05
  3.2619682e-05
 -2.7285567e-05
 -7.2091185e-05
 -1.7360339e-04
 -9.1682625e-05
  2.6437630e-05
  1.9310181e-04
  8.8650289e-05
 -8.1926686e-05
 -3.8796159e-05
 -1.2022317e-04
 -5.9497375e-05
  4.2386302e-05
 -7.4442069e-05
  1.7752762e-04
  3.4238492e-05
  6.2768377e-05
 -2.0895984e-04
 -5.2627540e-05
  5.3780008e-04
  2.8381366e-04
  1.5063373e-02
  1.8772426e-03
 -4.5385136e-04
  1.5666816e-02
 -1.1261846e-04
 -1.0355801e-04
 -9.4483914e-03
 -8.0642632e-05
  2.0634774e-04
 -1.4104879e-04
 -2.7623303e-06
  2.0766478e-04
  1.9316465e-05
  8.6573978e-05
  4.4493729e-04
  1.0167894e-04
  6.8558205e-05
 -6.6432731e-05
  2.8456363e-04
  4.4355260e-05
 -4.1820743e-04
  2.9972356e-05
 -1.9200379e-04
 -3.5536261e-05
 -1.2122856e-04
 -1.4307878e-05
  6.2440686e-06
  2.9454561e-02
  3.2503667e-04
 -5.1039224e-04
 -4.0761581e-05
 -5.7659254e-05
 -8.3107780e-06
 -1.6444511e-04
 -3.5722507e-05
 -1.3352383e-05
 -3.6147342e-04
  1.6671134e-04
  8.0838785e-05
 -5.4228654e-05
  5.8374742e-05
  2.2364476e+00
 -3.6211338e-04
  3.7600461e-05
 -1.9607822e-04
  2.5420924e-04
 -6.9463531e-05
  4.9292263e-05
 -3.3162960e-05
 -5.2360549e-05
  1.4613354e-05
  3.2100477e-05
  1.4476475e-04
 -3.9918691e-01
 -1.0392642e+00
  1.3212464e+00
 -1.7601959e+00
  5.1998836e-01
 -1.5071574e-01
 -6.2721163e-01
  2.0900803e+00
 -8.0847329e-01
 -8.2432434e-02
 -4.0816051e-01
  5.9184525e-04
 -5.1687115e-01
  2.1084163e-01
  1.9640398e-01
 -7.3610209e-02
 -1.7369956e-02
 -2.8938937e-01
  9.3961585e-01
 -8.3475608e-01
  8.4335402e-02
 -1.1868124e-01
 -5.1487690e-01
  4.1986740e-01
 -3.6634725e-01
  1.2758090e-01
 -4.9993408e-01
 -8.4845252e-02
 -1.3109435e+00
 -3.8255814e-01
  1.0671419e-01
  2.3049098e-01
  6.5801531e-01
 -7.0264149e-01
  2.2441947e-01
 -4.1494712e-02
  2.2203356e-05
  1.8521988e-01
 -6.5132999e-01
 -1.8195098e-02
  1.4680937e-04
  3.9181152e-01
 -4.0589133e-01
  3.6192829e-05
 -2.5229925e-01
  1.5795852e-04
 -2.6555339e-02
  1.5022077e-04
 -2.9117200e-01
 -2.2593244e-05
  5.9173971e-01
 -7.3761724e-02
  6.4094973e-05
  2.5555262e-04
  2.9492038e-04
 -1.4525930e-04
 -7.5471580e-02
  5.2227610e-06
 -4.0804010e-02
  1.9141857e-05
  1.7424049e-05
  4.0547142e-04
 -7.7095880e-05
 -1.4234349e-04
  9.5572294e-05
  1.7580925e-04
  2.7553379e-04
 -5.0302740e-02
 -6.9532623e-05
 -3.0505232e-04
 -1.9125827e-04
  2.1709133e-05
  4.0630903e-04
  3.6650894e-05
 -1.1089674e-04
  1.9790181e-04
 -2.4790081e-04
  4.7580787e-04
 -1.3407100e-04
 -7.1534650e-06
  1.3050878e-05
 -8.0635156e-03
  1.8741837e-04
 -1.9004098e-04
 -1.4125703e-04
 -2.6886738e-04
 -3.2071373e-04
 -1.8324793e-04
 -5.1521572e-05
 -1.0826398e-04
 -1.7593423e-04
 -1.2079294e-04
 -8.3801358e-05
 -1.4781432e-04
 -1.2772536e-04
 -6.2575142e-05
  2.3399209e-05
  1.4769692e-04
  8.0770733e-05
 -1.2749595e-04
  1.2717958e-05
 -3.3724529e-04
 -1.4049324e-04
 -2.4933042e-06
  3.2080381e-05
 -9.4674346e-05
 -2.7324540e-06
  2.2502178e-04
  2.9771125e-01
  2.6032171e-01
 -5.1944828e-01
  8.0470997e-01
  6.9688402e-02
 -1.5740099e+00
 -8.3977413e-01
 -1.3534931e+00
 -2.6486475e+00
  1.2247432e-01
  6.1681783e-01
 -1.4448788e+00
 -2.8354676e-02
 -4.6345878e-02
 -9.9839193e-01
  9.7550064e-01
 -4.5194641e-01
  3.2486749e-01
  2.0704844e+00
  8.3451003e-01
  3.4286577e-04
 -8.7018721e-02
 -5.9397292e-01
 -2.2920353e+00
  7.1048325e-01
  6.0724717e-02
  6.8319686e-02
  6.4739496e-01
  8.6493152e-01
  1.0592012e+00
  1.1601865e-01
 -1.5013700e+00
 -2.7877245e+00
  1.2882196e+00
  7.0821559e-01
  9.0116780e-05
  2.3922685e-01
 -3.5129410e-01
  1.5730320e-01
  8.1760740e-01
  8.9806308e-05
 -1.5207464e+00
  2.3062649e-01
 -2.4405277e-05
  3.8780305e-01
 -5.0158695e-05
  5.2705139e-01
  5.5931408e-02
 -3.2351017e-02
  4.6673985e-04
 -4.3513872e-02
  1.1443114e-01
  3.1450588e-01
 -4.3693057e-04
  8.8057379e-05
 -2.0392210e-04
  1.1166909e-05
 -4.3675293e-05
 -5.8113137e-04
 -7.3423129e-05
 -2.9377488e-05
 -5.5518096e-05
  5.6602335e-07
  3.7871239e-05
  1.5448261e-04
  1.3559782e-04
  6.7700137e-05
  1.4773825e-04
  2.2303098e-04
  1.0669764e-04
  6.2513849e-05
 -2.0293605e-04
  8.0745915e-05
 -4.0468880e-05
  1.5763166e-05
  3.3219639e-04
  2.0066148e-04
  5.5019806e-05
 -3.8572660e-05
  7.5525080e-05
 -1.5139788e-04
 -1.0214905e-04
  1.7686914e-05
  2.1746507e-04
 -2.7748089e-05
 -1.8592992e-04
 -7.9738122e-05
  1.4483099e-02
  3.2213799e-04
 -5.2141630e-05
 -4.9855659e-04
  7.0792776e-05
 -1.1903665e-05
  2.0355981e-05
  6.9323287e-05
 -9.4129449e-05
  2.9966086e-05
  7.9646697e-06
  2.2212171e-04
 -3.2378473e-05
  2.9559701e-04
 -1.0315439e-04
 -1.3691894e-04
 -1.1660760e-04
 -9.3540293e-05
 -6.5463741e-05
  6.7654371e-05
  6.7549568e-05
 -7.2995281e-05
 -6.0263978e-06
 -2.6877486e-05
  1.1791742e-04
  2.8564598e-05
  1.4068301e-04
 -7.7807381e-05
  4.4722710e-05
 -1.1240061e-04
 -7.7977522e-05
  1.0461449e-04
 -1.5598402e-04
 -1.1975220e-05
 -2.2882003e-05
 -1.6697800e-04
 -2.1963027e-05
 -5.5914157e-04
 -3.8921752e-04
  8.8658358e-05
  9.3793591e-05
 -7.6533543e-05
 -3.2531410e-05
 -1.4299602e-05
 -2.0184080e-04
 -3.5453614e-04
 -1.8183961e-04
 -4.3870092e-05
  5.2525458e-05
 -5.0505208e-05
 -1.0531852e-04
 -1.0039636e-04
 -1.4563751e-05
  6.5302826e-05
  1.5883779e-05
 -4.4131262e-05
 -1.8463303e-05
 -2.6202513e-04
 -2.0177213e-04
 -8.3556020e-05
  2.4937044e-04
 -1.3996121e-04
  1.9349168e-04
 -1.1442256e-05
 -1.7615456e-04
 -2.2452939e-04
 -6.2349805e-05
 -8.4074614e-05
  5.1339794e-05
  2.1236205e-04
  1.1440944e-07
 -4.9072758e-05
 -7.5189382e-05
 -1.5938385e-04
 -5.3336204e-05
  1.3224617e-01
  1.0898339e+00
 -9.1973847e-01
 -1.5701274e+00
 -6.5340978e-01
  8.2556957e-01
  5.1665509e-01
 -1.6858224e+00
  3.1098020e+00
 -2.6707408e-01
  2.2886124e-01
  1.1100187e-02
  4.4218114e-01
  4.3236595e-02
  1.0540430e-01
 -1.8220706e-01
  2.9204844e-04
 -7.7316773e-01
  2.8524327e-04
  5.7862008e-01
 -3.0168623e-01
 -2.7452022e-01
 -6.3999010e-05
 -5.1126283e-01
 -4.8767886e-01
 -1.0318128e-01
 -1.4397024e-01
 -9.3587476e-01
  9.5752835e-01
  2.7509880e-01
 -7.0417993e-02
 -6.0035502e-05
 -4.0535715e-01
  2.5095546e-03
 -8.9310631e-02
 -1.6779741e-02
 -5.5294353e-01
  5.9237021e-01
 -2.1084547e-01
  2.3059498e-01
 -4.7323309e-04
  5.0632161e-01
 -5.3807354e-01
 -9.9092824e-03
 -1.1742981e-01
 -2.9880883e-02
  2.3587508e-01
 -1.2874449e-06
  4.6148446e-01
 -1.4824678e-06
 -2.6559287e-01
 -2.8744900e-01
 -6.2511034e-02
  1.6583022e-04
  5.3689064e-04
  4.7695712e-04
 -9.3595816e-05
  1.0941977e-04
  1.5174257e-04
  4.2454281e-04
  1.2609905e-06
 -7.1077557e-05
 -2.5052659e-05
 -2.5630015e-04
 -4.4533946e-05
 -9.6662436e-05
 -1.0656104e-04
  2.9364903e-05
  3.9147414e-04
 -1.2674884e-05
 -7.1675655e-05
  6.6657260e-05
 -1.2647222e-04
  1.2525143e-05
 -1.8009743e-05
  3.3447592e-04
  1.7258833e-04
 -5.5967488e-05
 -1.0335576e-04
  4.1283428e-07
 -5.3324813e-05
 -6.5745015e-05
  1.1730682e-04
  1.6480315e-04
 -3.6061865e-05
  4.2050681e-04
  4.3041073e-05
  3.7774296e-06
 -1.0167967e-04
  2.5396320e-04
 -9.8557975e-06
 -6.7233623e-06
 -5.3315747e-05
  9.9321085e-05
 -5.1199214e-04
 -3.7501955e-05
  2.3975890e-04
  3.0202377e-06
  2.0342502e-05
  1.0718724e-04
  7.0835093e-05
  2.8888036e-05
 -1.3787304e-04
  2.0491039e-05
 -7.3838826e-05
 -4.8466452e-05
  4.3258864e-05
 -2.4301556e-04
  5.0858706e-01
  9.2872888e-01
  4.1395450e-01
 -1.3407649e+00
  8.8099748e-01
  8.8085729e-01
  7.8774832e-02
  6.8715233e-01
  8.9863949e-02
 -6.5390581e-01
 -6.2700564e-01
 -8.4160167e-01
 -4.2373058e-01
 -6.2901962e-01
 -3.1897390e-01
  7.7564329e-01
 -1.5257540e-01
 -7.8031942e-02
 -1.1974178e-03
 -1.3495450e-01
 -2.5739935e-01
 -1.7329343e-01
 -1.2643082e-01
  5.2041650e-01
  5.7372338e-01
 -1.5888926e-01
 -7.3125334e-03
 -3.4425533e-01
 -3.3094293e-01
 -4.6814583e-02
 -3.1714156e-01
 -1.9042162e-02
  1.5092399e+00
 -5.4232354e-05
 -3.8484105e-01
 -1.7835140e-02
  1.9005475e-04
  1.0276326e-03
 -4.0019676e-01
 -1.3679423e-02
 -3.0885698e-04
  2.1161985e+00
 -2.7744085e-01
  7.6222801e-05
 -1.4421606e-03
  4.1225980e-05
 -3.6494282e-06
 -7.0061236e-05
  2.3528059e-04
 -1.6410762e-04
 -2.2031229e-05
 -6.9994345e-02
 -1.5723908e-04
 -9.7394354e-07
  2.8262451e-05
  1.4058121e-04
  1.6176667e-05
 -1.7641662e-04
 -6.3170562e-05
 -1.1680250e-05
 -4.1330187e-04
 -3.3158192e-04
  7.9177305e-05
 -6.9036607e-05
  1.2759544e-05
 -8.2457173e-06
  1.7099387e-04
  1.8302897e-05
  3.9766234e-04
 -9.9323392e-05
  2.8768045e-04
  1.7245898e-04
  2.2419231e-04
 -2.5511163e-06
  6.1268707e-05
  5.2672614e-05
 -1.4760986e-04
 -1.9963903e-04
  9.3036564e-05
  9.4970001e-06
  5.4237526e-04
 -1.2598983e-04
 -1.9945155e-04
 -2.0042631e-05
 -1.3219376e-05
  8.4869382e-05
  4.2942720e-05
 -5.7208676e-05
  1.5797814e-05
  1.2265360e-04
 -1.6650463e-04
 -7.1553302e-05
  3.4768414e-04
  2.8404538e-05
  3.1607502e-04
 -2.3694440e-05
 -4.4779075e-04
  3.5049972e-05
  2.0536970e-06
 -1.3934622e-05
  1.5600766e-05
  4.5620411e-05
  4.0812283e-05
 -1.4344309e-04
  1.5797687e-05
  2.0028479e-04
  8.4989809e-04
  2.1063711e-04
  2.7408489e-04
  8.2714632e-02
  1.9610503e-04
 -1.4240201e-05
  4.1815144e-01
  3.7599039e-01
  1.8882415e-01
 -9.6222028e-02
 -1.1398094e+00
 -6.9497815e-05
 -1.5225325e-04
  2.4318403e-04
 -6.7644686e-02
 -5.9614163e-02
  4.3049094e-01
  3.9234111e-04
  2.0964826e-05
  5.3883223e-06
 -3.0890323e-04
 -1.5533277e-02
  6.0111259e-05
  4.0975126e-05
 -2.1097485e-04
 -2.0293475e-04
 -1.4305446e+00
  7.4588126e-05
  7.3739560e-05
  3.0330842e-04
 -4.8189399e-05
  7.7233708e-06
  2.8266525e-04
 -1.0487340e-04
 -2.6150842e+00
 -2.7595315e-05
  7.8809229e-05
 -1.4579931e-05
  2.8128353e-01
 -5.8214351e-05
  1.2567142e-04
 -1.4115741e-05
 -5.4257496e-05
  1.7533645e-01
 -1.8689087e-04
  6.4786857e-01
  2.4612370e-04
  7.1680370e-05
 -2.9825222e+00
  9.2338734e-05
  1.1225601e+00
  8.4647487e-05
 -6.0319763e-02
 -1.1978821e+00
 -1.2987231e-01
 -8.5949548e-02
 -1.1075052e+00
  8.7542236e-01
 -2.8751034e-01
 -5.7411242e-01
  6.8151730e-01
 -1.9506581e-01
  5.3437573e-01
  3.1343116e-05
 -6.3990998e-01
  2.7290836e-01
  2.4240054e-01
 -3.8818136e-01
  3.1279232e-03
 -4.4592094e-01
  9.8951384e-02
  2.7316067e-01
 -6.7923007e-05
 -3.9607618e-05
 -3.8338723e-05
  1.5595062e-01
 -1.3029263e+00
  3.7904078e-01
 -1.1420168e-04
  5.5087399e-02
  1.9004611e-04
  1.4703225e-01
 -6.7388423e-02
  3.0240784e-03
 -1.2608387e+00
 -9.8564252e-02
 -3.0573872e-05
  2.2212711e-04
 -2.5987858e-01
 -3.4469471e-03
 -2.7230939e-05
  8.7924935e-05
  2.0450906e-01
 -6.9829506e-01
 -1.1613709e-01
  1.1362976e+00
 -2.2490918e-04
 -1.1244044e-06
 -8.1831360e-01
 -8.5173255e-05
 -4.9905801e-01
 -2.5366126e-05
  5.4321285e-02
 -1.0065208e-01
 -8.7754242e-02
 -7.3082104e-02
  3.0142006e-01
 -3.0315989e-01
 -1.7553934e-01
  2.8988925e-01
  1.9471733e-01
  1.0578392e-02
 -3.1412928e-04
  1.0560197e-04
  3.3319206e-04
  1.2953928e-01
  4.2861713e-05
  6.9114234e-04
 -7.9761386e-02
 -5.9761421e-04
  2.5855892e-04
 -3.4143191e-04
 -5.5917713e-05
 -4.1304759e-04
  4.6715462e-01
 -7.3120762e-05
 -1.0243823e-03
 -9.3773820e-02
  5.7452056e-05
  2.5202192e-02
 -1.5660200e-03
  6.5700822e-02
  2.6488001e-02
  4.5812276e-01
  6.0741266e-05
  7.7286822e-05
 -8.7215078e-05
  6.2867068e-05
 -6.3693042e-05
 -1.2056609e-04
  2.8796226e-03
  1.9090045e-02
  7.1777128e-02
  7.9635762e-02
  8.7983906e-05
 -4.0331046e-04
 -7.5150252e-05
 -5.5917545e-04
 -1.0115372e-04
 -1.1659012e-04
  1.5746497e-04
 -1.8137403e-02
 -8.0576079e-05
 -1.3528985e-05
 -3.8113817e-06
  1.2824124e-04
  5.4438831e-03
  2.7217641e-01
  1.5181930e-04
  2.3907563e-04
 -3.9131826e-01
 -7.1878964e-01
 -3.5730380e-01
  2.3060539e-01
  6.6805354e-05
 -1.1562090e-04
 -1.3469821e-01
 -5.2628729e-05
  3.9817789e-04
 -2.6146613e-06
  5.5302309e-05
 -7.0847687e-05
 -4.4094431e-05
 -8.7268185e-05
  2.4457043e-04
  1.0699643e-04
  1.0811625e-04
  7.8038363e-05
 -8.6399472e-05
 -8.9155974e-06
  2.3742812e-04
 -6.0896104e-04
  1.0727233e-04
  4.6773795e-05
  5.5610351e-05
 -2.6828755e-04
 -2.4773079e-04
 -7.6267184e-05
 -5.6268927e-04
 -7.2192553e-05
  4.4173073e-02
  2.3625676e-04
  7.7334735e-05
 -1.7682743e-05
  4.4799104e-04
  1.4832179e-05
  9.4627074e-05
  7.9008430e-05
 -5.9331920e-05
 -1.5176621e-03
 -3.2603371e-04
 -2.9814562e-05
  3.5879007e-04
 -7.2288647e-05
 -3.1732085e-05
  3.2207688e-05
  1.6510583e-04
  6.9462119e-05
 -4.1885985e-05
 -2.4575938e-04
  2.3394416e-01
 -3.4212005e+00
 -1.0810287e-01
 -1.1391895e+00
  2.0697789e-01
  9.9399865e-01
  6.6029525e-01
 -2.8933799e-01
 -7.1378756e-01
 -5.1801962e-01
  6.0517257e-01
  1.8831845e-01
  1.7000813e-02
 -5.9944671e-01
 -4.7845092e-01
 -3.3100456e-04
  9.5736608e-04
  3.7009594e-01
 -2.5051215e-01
  3.4934138e-03
 -2.5344014e-04
 -3.0489480e-01
 -7.1490771e-01
 -1.4357615e-01
  1.0964430e-03
  1.3353612e-04
 -1.6799770e-04
 -5.9690323e-05
  1.9543190e-01
 -3.0015564e-01
 -5.1945674e-01
 -8.6657232e-01
 -7.2344176e-02
 -6.4291467e-04
 -3.7091267e-01
  8.0058235e-04
 -2.0324280e-04
  6.6674240e-02
  2.9539898e-02
 -1.0814193e+00
 -4.8380515e-01
 -4.8922503e-01
  6.0341851e-04
 -1.4381438e-01
 -2.0505273e-05
  1.2544458e-04
 -1.6562282e-03
 -5.6234603e-05
  3.6014037e-05
  1.5028261e-01
 -1.4814705e-04
 -2.1814329e-04
 -1.9595867e-04
 -1.1837835e-04
 -3.0295892e-05
  5.3001444e-05
 -1.6428010e-05
  8.5896261e-02
 -2.9444764e-05
 -4.3987890e-05
 -1.0113693e-04
 -9.4023664e-05
  9.7805780e-05
 -6.0548660e-05
 -1.3565713e-04
 -2.2508102e-04
 -4.4855122e-05
  3.1670573e-04
 -4.4019424e-05
 -1.0895048e-04
  2.3429717e-05
  3.4074605e-04
  1.0447561e-04
  2.3499696e-04
  4.4950404e-05
  4.6323510e-04
  3.9369684e-06
  2.2778579e-04
 -2.3888024e-04
 -4.4227108e-05
 -1.7450016e-04
  1.2162483e-04
 -3.8469992e-05
  1.2821252e-05
 -1.7069308e-04
 -3.0789906e-04
  1.0984365e-05
 -4.1944164e-05
  9.2979986e-05
  1.6890206e-04
  1.1798500e-04
  2.8804998e-04
  2.7861333e-04
  2.2512201e-04
 -5.1935709e-05
  1.8504963e-05
  9.0768972e-06
  5.6738772e-05
  2.1365895e-05
 -1.1992714e-05
  2.5180892e-05
 -3.6946341e-05
 -3.1792148e-04
  8.1475730e-05
 -3.4394961e-05
  3.6293641e-05
  6.2153063e-05
  1.8360687e-04
 -1.8315896e-02
 -1.0728015e-03
  5.4610668e-05
  1.5895750e-06
  1.0606258e-01
  2.0311414e-03
 -3.1406854e-04
  4.5482928e-05
 -7.0424080e-02
 -2.9222737e-04
  1.1458043e-04
  1.4636802e-05
 -4.9371400e-04
 -3.2335240e-04
 -6.2937224e-06
 -7.7621240e-05
 -9.3114999e-05
 -1.3910631e-04
  2.8451654e-05
  3.5832927e-04
  1.1003113e-04
 -1.6625981e-04
 -5.9885093e-05
  9.4231189e-05
 -3.5614979e-05
  3.6247282e-05
 -1.0476873e-04
  1.6059339e-06
  9.5468509e-05
 -2.4296476e-04
  4.7746082e-05
 -3.6465040e-05
  2.2232611e-04
  8.1900114e-05
  7.8537319e-05
  1.3375476e-05
  1.3151716e-05
 -7.4556396e-05
 -3.5709285e-04
  4.5993904e-05
 -8.3099148e-05
 -6.9058086e-05
  4.4019791e-05
  1.7306233e-04
  9.2898345e-06
 -6.0565893e-05
 -2.9626634e-04
  5.0910487e-05
 -4.4809862e-05
  1.5517337e-05
 -1.1714176e-04
  3.8019352e-05
 -9.8947603e-05
 -3.4031342e-05
 -3.2883321e-04
 -2.1528684e-04
  7.0491813e-05
 -1.4433195e-04
  2.2475158e-04
  6.9832902e-05
 -3.4831959e-05
 -1.3688974e-04
 -4.5176253e-05
 -6.6386347e-05
 -7.5482065e-05
  1.1292649e-04
 -4.2387241e-05
 -2.6560263e-05
 -1.1120441e-04
  1.9892932e-04
  3.5621659e-04
 -9.4749294e-06
  7.5597804e-06
  1.9773668e-05
 -1.6916130e-04
  2.9536537e-04
 -9.7283635e-05
 -2.8620156e-05
 -2.6793585e-05
 -1.3474982e-04
  6.9895002e-08
  5.6951467e-05
 -3.0865216e-05
 -1.2720401e-04
 -4.8879436e-05
  7.4500378e-05
  3.3549404e-05
  1.1593905e-04
  2.3110255e-04
  6.8364454e-05
  3.5016271e-04
  1.4864230e-05
 -3.3676968e-04
  5.2063337e-05
  2.3088583e-05
 -8.7918961e-06
 -3.3385160e-05
 -4.2496853e-05
 -7.2877010e-05
 -2.2727630e-05
 -5.1579991e-05
  8.9289069e-06
  7.9967518e-05
 -5.1526949e-05
  9.7665074e-04
  1.9860634e-04
  1.4329856e-04
  5.4585284e-06
 -1.8796601e-04
  2.7109662e-04
  7.8973826e-05
 -2.1934475e-06
  1.0374404e-04
 -2.3318047e-04
  9.7032222e-05
 -1.3545711e-04
 -1.1764226e-05
  8.3060033e-05
 -1.2373333e-04
 -1.6385177e-04
 -1.1336096e-04
 -1.9370485e-05
  1.5043966e-05
  1.3324888e-04
 -3.0341118e-05
 -2.4366747e-05
 -1.2138725e-04
 -3.8957351e-05
 -2.1828081e-04
 -2.8477603e-04
  3.0546548e-04
  1.4900604e-04
 -3.3528038e-05
  2.9165644e-04
 -2.9248369e-04
  6.0884675e-05
 -3.8666709e-05
  8.1813952e-05
  5.9721711e-05
  1.2264482e-05
 -1.4296047e-05
  6.3911699e-05
  2.6843481e-04
  3.2515163e-04
  2.7466067e-05
 -6.2461557e-05
  4.9142654e-05
  3.2438900e-06
 -3.2360043e-04
  1.0437330e-04
 -3.4785483e-06
 -1.5262641e-04
  7.1072695e-06
 -2.9873784e-06
  5.5610726e-05
  9.6609278e-05
 -6.2827829e-05
  3.2012882e-05
 -5.9315062e-06
  1.8983981e-05
 -2.5213802e-05
  2.5194529e-05
 -2.6884704e-04
  1.5408146e-04
 -1.2737740e-04
  1.6056997e-04
 -5.7443442e-05
 -4.0692408e-04
 -1.0981585e-05
  1.1622694e-04
 -5.5602800e-06
  1.7157331e-04
 -1.1407479e-05
 -2.0082240e-04
  4.6670462e-05
  1.6514731e-04
  9.5062082e-05
 -1.1177480e-04
 -1.7673923e-05
  2.2286851e-05
  5.9585229e-05
  8.7781555e-05
  5.4417393e-05
  2.3727790e-04
 -1.3555773e-04
  1.5059696e-05
 -4.6505618e-05
 -1.8203579e-04
  3.5255440e-04
 -1.9036602e-04
  1.1019514e-04
 -3.3891603e-05
 -1.1937860e-04
 -3.3221702e-05
 -1.8965306e-04
 -1.2439724e-04
  1.2843151e-04
 -2.2421013e-04
 -2.1184842e-05
  1.7656251e-04
 -1.7813480e-05
  2.2618329e-04
  4.1545780e-05
 -7.6734490e-05
 -2.7229871e-05
 -2.6430513e-05
  4.8197080e-06
  1.3493709e-04
 -1.9547815e-04
  1.8093170e-04
  2.6834023e-04
  3.2094107e-05
  1.9631644e-04
 -7.4802876e-05
 -1.4597362e-04
 -2.0903372e-04
 -3.5955299e-02
  2.7512604e-01
  3.2787614e-03
 -9.2992914e-01
 -9.0682131e-01
  4.4431695e-01
  1.0404806e+00
  5.4746115e-01
 -5.8107513e-01
  7.2813882e-03
 -3.0366826e-01
  1.5805738e-01
  1.4171569e-01
  1.8404001e-02
  5.7447755e-01
  3.1615800e-01
 -7.5165355e-01
 -2.0524791e-01
  1.9598236e-02
 -1.5991636e-01
  4.6826802e-02
  3.1960022e-01
  1.9439134e-04
 -4.6660430e-03
 -6.3174679e-03
 -7.2974330e-01
 -1.6445102e-04
 -5.2417028e-05
 -2.0902462e-01
  2.9759246e-01
  6.1158758e-02
  1.9176184e-01
 -1.0549957e-01
  9.4142008e-05
 -3.3893731e-01
 -1.9803106e-04
  2.1723520e-03
 -4.5773968e-01
 -2.4489056e-01
  5.9521869e-03
  5.4168957e-01
 -1.2167444e-02
 -6.8425122e-03
  7.7068349e-03
 -1.6052438e-05
  1.9382474e-05
  1.2077959e-01
 -4.2553686e-02
  2.9489571e-05
  3.6451916e-04
 -5.8266520e-05
  5.9250137e-04
  2.9011030e-04
  5.5700628e-05
 -9.5813113e-05
 -8.9516092e-05
  2.2186097e-05
 -6.4316107e-04
 -2.6188674e-04
  1.1690890e-04
 -1.1336210e-04
  6.1773288e-05
  4.8828075e-05
 -3.4572691e-05
  8.7301334e-05
 -8.8835084e-05
  3.1590964e-05
 -2.6278074e-05
 -2.1133907e-04
 -5.1497242e-05
 -3.5831913e-08
  2.5752906e-05
 -1.0457824e-04
  2.5825857e-06
 -2.0354836e-04
  3.1445799e-07
 -1.6196533e-05
  7.0352318e-05
 -1.0090115e-06
  1.0860858e-02
 -2.9300947e-05
 -1.3138448e-04
 -1.2541102e-04
  5.3779455e-05
 -7.7716133e-05
  1.6011330e-04
  2.1903759e-06
 -3.6968540e-05
 -1.3068467e-05
 -2.6781292e-05
 -6.3864223e-05
 -6.9624680e-06
 -9.6973643e-05
 -1.3030405e-05
 -1.3016453e-05
  2.7770823e-04
  4.4541906e-05
 -5.7106219e-05
 -2.6423781e-04
 -6.1568309e-05
  1.8534203e-05
 -7.9871119e-05
  1.6513986e-04
  3.3067310e-05
 -1.4693858e-04
 -4.2027685e-05
  7.8328689e-05
  1.0365137e-04
 -1.1113273e+00
  9.2999488e-01
 -1.8304486e-02
  4.6972468e-01
 -9.3393363e-02
  1.8089576e+00
 -8.4696424e-01
 -3.1967852e-01
  2.5878756e+00
  2.7940655e-04
  9.5256284e-02
  2.7986845e-01
  9.8085972e-03
 -8.3845323e-01
  1.7876160e+00
 -6.2538491e-04
 -3.3818680e-01
  1.6757145e+00
 -6.7872241e-02
 -1.0089920e-05
 -1.7397566e-01
  8.3759580e-05
 -5.2556980e-01
  2.5309270e-04
  3.9948845e-05
 -2.2628869e-01
 -2.8779980e-04
 -1.4450212e-01
 -1.6990435e+00
  1.0715415e-01
 -2.1846123e-01
 -2.3688352e-01
 -7.4525297e-02
 -1.0296915e-01
 -2.3931396e-01
  3.3674496e-05
 -4.0547308e-04
 -2.8823290e-04
 -1.6807730e-01
  1.5170372e-01
 -3.4199733e-05
 -5.7846483e-02
 -5.3266727e-04
  4.4760495e-01
 -1.6944612e-05
  1.0685689e-04
 -1.0042562e-04
 -2.3277495e-05
 -5.7773888e-02
  1.7402159e-01
  1.3939351e-04
 -1.8124221e-04
  3.3970602e-02
 -6.4696331e-05
  5.5963406e-05
 -4.2108213e-06
 -1.0316359e-04
  1.3871367e-04
  1.0605466e-05
  5.5455264e-05
 -1.5835109e-05
  1.4163734e-04
 -2.6245230e-05
 -1.3641591e-04
  1.5105044e-04
  9.1029870e-05
  1.6303676e-04
  2.9982856e-04
 -3.6283548e-04
 -2.1483680e-05
  4.1268537e-05
  2.8790582e-05
  2.4899817e-05
 -1.4021716e-05
 -3.7850397e-05
  2.9958159e-05
  2.5095091e-05
  1.3274775e-05
  1.6042144e-05
 -9.4941082e-05
  1.8033148e-04
 -4.5230478e-05
  8.4638514e-04
  2.2361133e-05
  4.7877009e-05
 -2.3939644e-04
 -2.9146791e-04
 -4.4704348e-04
  4.5270357e-05
 -2.1751475e-05
 -8.8114730e-06
 -1.2777764e-05
 -1.3005522e-06
  7.1860428e-05
 -2.0964995e-05
 -1.6461949e-04
  1.6424264e-04
 -2.7598857e-04
  2.4928901e-04
 -5.6361011e-04
 -3.4962624e-04
 -1.4203781e-04
  5.8962763e-05
  1.9910096e-03
 -2.2038563e-04
 -2.4765724e-04
  7.5694683e-05
 -2.1593178e-04
 -8.0463149e-05
 -1.2535370e-05
 -1.0278876e-04
 -1.8371735e-04
 -1.6512373e-04
 -1.1563548e-04
 -2.7310277e-06
  4.3548822e-05
 -1.3208715e-04
  1.2988421e-04
  4.3224150e-05
  1.5731546e-04
  2.1072412e-05
 -1.1452076e-04
 -3.8895436e-05
  2.0921056e-04
 -1.6814130e-04
 -1.7962535e-04
  8.6459921e-05
  4.6301298e-05
  1.5732026e-04
 -8.0226833e-05
  1.5016118e-04
  3.1952128e-05
 -2.1487656e-04
 -5.7236542e-07
 -1.1665499e-04
 -9.5430878e-05
  1.6656368e-04
  1.3593452e-04
 -9.7035358e-05
 -1.4758189e-04
  3.9390809e-05
  3.7109028e-05
 -4.2228210e-05
 -6.7409674e-05
  1.1751432e-05
  7.9186859e-05
 -2.4338157e-04
 -2.9047838e-04
  7.7375473e-05
 -3.8817736e-05
 -1.9162928e-04
  1.7961908e-04
 -7.5520853e-05
  7.3982042e-04
 -2.6833432e-05
 -2.2278841e-04
  2.2024800e-04
 -6.5384134e-05
  5.2484079e-06
 -5.6542998e-05
 -3.4959638e-04
  7.5916432e-05
 -2.1265523e-04
 -1.5354696e-04
 -3.0354946e-05
 -1.0648476e-05
 -1.6191083e-01
  1.3869051e-04
 -3.0237346e-04
 -9.2300186e-05
  5.1819134e-05
 -3.4585694e-04
 -1.7549513e-05
 -1.8591777e-04
  2.4806699e-04
 -1.5848604e-04
 -8.9456160e-05
  1.5519556e-04
  2.3095922e-04
 -5.8267131e-05
  4.7608090e-05
  2.5596711e-04
 -5.6230536e-05
 -4.1405106e-05
 -2.7343043e-04
  1.8586514e-04
  8.4945197e-05
  2.4566099e-05
 -1.5404032e-04
  2.7548816e-04
  2.0024560e-04
 -1.3476389e-04
  5.0313578e-05
  4.9225149e-05
  7.1146926e-05
  1.5530541e-05
  4.4283919e-05
 -8.5624211e-05
  2.0756041e-04
  4.5948713e-05
  4.6094214e-05
 -2.5046419e-04
  5.6576414e-04
  7.0962182e-05
  2.7435337e-04
 -2.2455413e-04
  1.5049112e-05
 -3.2017051e-05
 -2.5944391e-04
  9.0447298e-05
 -4.5257146e-04
  1.2549701e-04
  1.8761762e-04
  2.0876687e-05
  1.5882972e-04
 -9.1875171e-07
 -2.1136820e-04
 -2.5983281e-05
 -7.2999726e-05
  8.2832783e-05
 -4.0223357e-01
  1.6039560e-04
 -9.4355266e-05
 -3.0459487e-05
 -4.3052073e-06
  7.3275252e-05
  7.9430001e-06
  1.6679615e-04
  1.4426764e-05
 -2.3500355e-04
 -7.0307695e-05
 -5.5805998e-05
 -1.3564137e-05
  2.5348517e-04
  1.7799484e-05
  2.2703504e-04
  2.7061624e-05
 -1.4461030e-04
  1.0681908e-05
  1.0298672e-04
 -1.2955524e-05
  5.7643549e-05
 -1.7389894e-04
 -8.3763116e-05
 -1.1268869e-04
 -5.5621367e-05
  9.4920302e-05
 -2.6233919e-04
 -2.3657831e-05
  6.8507528e-05
 -3.7010632e-05
  3.4343499e-01
 -7.4499638e-07
 -1.1933183e-04
  8.8265792e-02
  1.9513798e-05
 -5.6423065e-05
  6.9184280e-05
 -1.3686092e-04
 -6.9133591e-07
  2.6113668e-04
  1.6909113e-04
 -9.4810777e-05
 -2.2926860e-04
 -3.5473975e-04
 -5.3148295e-05
  2.1154914e-04
 -9.0067377e-05
 -7.3444380e-06
  1.7703103e-04
 -5.5461762e-05
 -6.0883853e-05
  1.5188602e-04
 -4.3432071e-04
  4.0521940e-05
 -1.3831315e-04
  3.1027719e-04
 -2.7899464e-04
  1.1752800e-04
  1.0139112e-05
  1.0257433e-05
  1.1979947e-04
 -4.0993185e-05
 -2.2002967e-04
  1.0536654e-04
 -1.1756757e-04
  1.9624679e-04
  3.8308463e-05
  1.1560170e-04
 -7.4916112e-05
  2.8657902e-04
 -8.4009058e-05
 -8.8305177e-07
  4.7567497e-05
  1.0600221e-04
 -3.3757573e-05
  7.4085314e-05
  3.1821426e-05
  2.0787948e-05
 -7.7047134e-06
 -1.0657138e-04
 -1.5528098e-05
 -8.7037159e-05
 -1.4248535e-06
  1.5459654e-02
  6.4621141e-05
  1.0669251e-03
 -1.1715952e-05
  8.9361172e-05
  2.0698943e-05
 -1.4719096e-04
 -3.1395543e-06
 -2.6093912e-05
  3.1461532e-05
  4.9983105e-06
 -5.4990051e-06
 -3.0664849e-04
  4.4958728e-05
  4.9645547e-05
 -3.0052284e-04
  3.9171110e-04
 -1.2437555e-04
 -5.0011156e-05
 -3.9431394e-05
  1.7167286e-04
  2.0818759e-04
  3.6336180e-05
  2.2210409e-04
 -1.6256349e-04
 -2.1091817e-05
 -7.0766080e-05
 -8.3972955e-05
 -5.7093595e-05
 -2.7770089e-04
  3.7696347e-05
 -8.5067964e-05
 -3.4299475e-05
 -6.3318730e-05
  2.0981056e-04
  3.3287774e-04
  2.7807889e-04
 -3.7581842e-05
  3.9077840e-06
 -7.9663543e-05
  7.4347736e-05
 -1.8599059e-05
 -5.7891557e-05
  1.6627921e-04
 -3.3326549e-04
  1.8779689e-05
  2.7950928e-05
  1.7566392e-05
  5.6713474e-05
 -2.0170127e-04
  6.1967667e-06
  3.1629435e-04
  2.1797149e-04
  8.1405014e-05
  1.4096302e-04
 -5.7743186e-05
 -5.5454853e-05
  7.7117242e-05
  6.5376771e-05
 -1.2522166e-04
  3.7149136e-04
  8.5598062e-05
  2.7001492e-04
 -1.4251799e-04
  1.4312589e-04
  1.3916909e-04
  1.4413071e-04
 -4.4081535e-05
 -1.3246898e-04
 -2.1710515e-04
 -6.3791311e-05
  4.0796356e-05
 -1.5543374e-04
  3.1982381e-05
 -3.1677569e-04
  1.3974786e-04
  4.8062571e-05
  9.9826291e-05
 -9.9601297e-05
 -5.0213410e-05
 -1.0228459e-04
  2.5721107e-05
  1.1101044e-04
  2.9874638e-05
  1.0004773e-04
 -1.9666528e-05
 -5.6917582e-02
 -3.4046396e-05
 -1.1366440e-04
  5.2768928e-06
 -1.6252078e-04
 -1.1985392e-04
 -4.2339412e-05
  1.2426608e-04
 -2.2265003e-05
  1.7705011e-04
  1.7051262e-04
  5.3854528e-05
 -1.0238437e-04
  5.2172811e-05
  2.7314509e-04
 -7.7432444e-05
 -1.0809203e-04
 -4.5166777e-05
 -4.6424680e-05
 -1.6401916e-04
  2.7443707e-04
 -2.7614087e-04
 -2.0709607e-05
  9.3248069e-05
  1.0149722e-04
  3.5070403e-05
 -1.3436151e-04
  2.2388023e-04
 -1.4583358e-04
  1.6380993e-04
  1.2532208e-04
  4.6017909e-04
  7.1820490e-05
  1.8637769e-04
 -9.0310801e-05
 -1.0737342e-04
  2.4336106e-05
  1.6928308e-04
  2.6703807e-05
  4.6803921e-06
 -2.1638817e-04
  3.8728135e-04
  2.2479231e-05
  4.7121714e-05
  2.1053054e-05
  3.2423582e-04
  3.7503894e-05
  5.2174227e-04
  5.4578914e-04
  8.1154521e-06
  1.8328808e-04
 -2.9368835e-04
  1.1315093e-04
  1.2543082e-03
 -4.2521795e-05
 -7.2371413e-04
 -2.2719532e-06
 -1.5833266e-05
 -3.2544547e-05
  1.7110860e-05
 -2.4244828e-05
 -1.6500528e-05
 -2.3304923e-05
  4.7166523e-04
 -1.3240629e-04
  1.3305343e-05
  4.5492223e-05
  3.6308536e-04
 -1.7076035e-04
 -2.5494694e-05
  1.8214424e-04
 -6.3705280e-05
 -1.3441444e-04
  1.2999609e-04
  3.5902158e-05
  5.3731044e-05
  1.3589828e-04
 -1.0480340e-04
  6.9262017e-04
 -2.0548319e-04
 -6.3202948e-05
 -1.2362395e-05
  6.6323111e-05
 -2.1292060e-04
 -2.5738866e-04
  1.0792129e-05
  9.3701474e-06
 -2.0216982e-04
  2.9907326e-04
 -2.0264140e-04
  1.0542255e-04
  1.8247725e-04
  3.0577809e-05
  7.2585157e-05
 -1.5795221e-04
  1.3134639e-04
 -6.0703591e-03
 -9.3741628e-06
 -9.4088364e-06
 -9.5425305e-05
  3.7582299e-01
  1.5992603e-01
  1.0767683e-04
  9.2058309e-04
  8.5368924e-07
  2.6493866e-04
  1.6001204e-01
  3.2910681e-05
 -6.9300586e-05
 -3.1881578e-02
 -2.8270824e-04
 -1.4290816e-04
 -4.4004330e-01
 -3.7317647e-04
 -2.9087701e-05
 -2.2203024e-04
  4.7393251e-04
  1.2034827e-01
 -2.2004024e-04
  2.2200437e-04
  1.0685514e-03
  1.8646726e-02
  2.7144188e-05
 -5.1246730e-05
 -7.3052957e-05
  3.4487800e-04
  9.5231108e-02
 -3.5996811e-05
  1.6074741e-01
 -1.6953732e-04
  7.0857823e-01
 -3.8731370e-05
 -8.0326943e-05
  6.6783112e-05
 -4.5924105e-02
 -7.0687761e-03
 -5.9306250e-05
  1.4203379e-04
 -5.2902190e-04
 -8.9792619e-03
  3.7457010e-06
  7.7516852e-06
 -4.4266358e-03
 -1.8821822e-05
 -4.2482505e-05
 -2.2175118e-06
 -3.9500086e-05
 -6.6431981e-05
  1.0533370e-04
 -1.6328657e-05
 -1.3875180e-05
  3.2425974e-05
  1.0930333e-04
 -4.1117510e-05
 -1.2705949e-04
  1.2167259e-04
 -1.3488471e-04
 -5.7759476e-05
  9.8110315e-05
  3.9372692e-04
  2.7017161e-04
 -2.0707014e-06
  6.0099632e-05
 -1.6222160e-05
  3.3377852e-05
  2.9972350e-04
 -5.1931441e-02
 -5.4763696e-05
 -5.8404690e-05
 -9.3878953e-06
 -4.4397119e-04
  4.9101774e-05
  2.7770202e-05
  3.4659734e-04
 -1.5593829e-04
 -5.9862909e-05
  4.3175580e-05
  6.5944048e-05
 -1.8993991e-04
  1.3059130e-04
  2.6347357e-04
 -5.4859902e-05
  3.6935799e-05
 -6.8523826e-05
  1.3642417e-05
 -3.0829219e-04
  3.2358382e-06
 -1.0987771e-04
 -9.3283006e-06
 -2.5544481e-05
 -7.4760264e-06
  8.3323283e-07
  3.9044891e-05
  1.5000570e-04
 -2.4805727e-04
  1.0696259e-04
  3.6732825e-05
  2.8971568e-04
  1.4027701e-04
  6.6300461e-05
 -3.3261164e-04
  1.7476859e-04
  1.1690014e-04
  1.3907789e-04
 -7.9351636e-03
 -2.1463193e-02
  2.7704859e-01
  8.1038997e-05
  8.9326184e-03
  6.9430307e-04
  5.5347319e-04
 -1.0031548e-04
 -1.4973951e-02
 -2.3512771e-04
 -3.9884441e-07
 -5.2309752e-04
  1.3654993e-05
 -4.3994673e-03
 -1.9665460e-04
 -7.0688009e-05
  7.6637145e-05
  6.8463240e-05
  5.2337942e-05
  3.6432027e-04
  1.9052051e-04
  2.2679966e-04
 -6.8711484e-04
 -5.0636136e-05
  5.4269808e-04
  5.3999815e-05
 -3.3665623e-05
  4.8876041e-06
  2.5309855e-05
 -3.6480174e-05
  6.7378402e-05
 -7.8201207e-05
 -4.0133764e-05
 -6.6005108e-05
 -2.2587327e-04
 -2.4044757e-04
 -2.9391326e-06
  6.6198372e-05
 -4.3983685e-04
  3.5470017e-05
 -1.2629117e-04
 -2.9650797e-05
 -8.4057872e-05
  3.4664117e-06
  7.9114827e-05
 -2.3449500e-04
 -1.0239843e-03
  7.6503602e-05
 -2.5801879e-04
  8.3548235e-05
  4.7216530e-05
 -6.3200489e-05
 -1.7746310e-05
 -6.7902969e-05
  1.4280441e-04
 -1.1125678e-04
  3.9956605e-04
  1.2923595e-04
  5.6820725e-05
 -9.1662914e-06
 -4.9133469e-05
  6.8714675e-05
 -2.2524366e-05
 -2.1483096e-05
 -8.6542850e-06
 -8.7069529e-05
 -1.0493441e-04
  4.3015996e-05
  6.1714170e-05
  5.9411166e-05
  3.6451824e-05
  5.4104450e-05
 -1.4357073e-05
  4.0326697e-05
  3.4028935e-06
  1.2013828e-04
  1.1313628e-04
 -2.9137937e-05
  9.3160488e-06
 -1.8059710e-04
  5.7865864e-06
 -2.3978481e-04
 -8.5298096e-05
  1.3439729e-06
  1.5459220e-05
 -5.0980569e-05
 -1.9129072e-04
 -1.7114980e-04
  1.3264010e-04
  1.2289249e-05
  3.4832701e-05
 -1.0821756e-04
  5.4273285e-05
 -1.2758003e-04
 -3.2440628e-04
 -3.4049819e-05
  2.5947671e-04
  1.2765695e-04
 -1.2200983e-04
 -7.4517954e-04
  1.5007681e-04
 -1.2774733e-05
  3.6621386e-05
 -4.5602221e-05
  4.2645177e-05
 -1.6487032e-04
 -1.0156682e-04
 -4.2757791e-04
 -3.8310372e-06
 -2.4582567e-05
  2.6606530e-04
 -7.2895717e-05
 -1.3071741e-04
 -1.0925888e-05
 -1.1075445e-04
  1.8410882e-04
 -6.1386789e-05
  1.2741271e-04
 -1.0575820e-04
  1.3229045e-06
  6.8289577e-05
  8.4279425e-05
  1.6300865e-04
  3.3494849e-05
  4.4432571e-05
 -9.2375798e-05
 -3.7640934e-06
  2.0163390e-05
 -1.4274409e-04
  1.8342265e-05
  1.9408239e-05
  8.8414963e-05
 -1.0363375e-04
 -4.7878242e-05
  3.2997664e-04
 -3.9233488e-04
 -6.2397514e-05
  1.5868878e-04
  2.9393577e-04
  2.4301109e-04
  8.5899555e-05
  3.8426180e-05
  1.7160158e-04
  3.1485868e-04
  9.8550108e-06
 -7.1979463e-05
  3.6571323e-04
  4.2814681e-05
 -1.2735087e-04
 -4.1601459e-05
 -9.3238906e-04
 -4.6991543e-05
  9.0422305e-05
  2.8060454e-05
  1.2501603e-04
 -3.4825815e-04
 -3.6726275e-04
 -1.9884213e-04
  3.3898988e-05
 -9.4907256e-05
  2.2576782e-05
 -3.8783903e-05
 -1.4456145e-04
  2.0233712e-04
 -2.9942903e-04
  8.2507700e-04
  6.6455634e-04
 -4.1361977e-06
  1.1770559e-04
 -9.3778297e-05
  2.4879226e-04
  3.5068741e-05
 -2.0043329e-04
 -1.4583468e-04
 -9.8506469e-05
  3.0993891e-05
 -4.7792564e-04
  1.4655074e-05
  3.2868800e-05
  6.4580512e-05
 -1.2704987e-05
  1.3662878e-06
  3.4203971e-04
 -1.0232202e-04
  7.0964408e-05
 -6.0308932e-05
  9.7629607e-05
  1.1390359e-04
  7.7268734e-05
 -2.6816100e-05
 -1.9897754e-05
 -7.1563304e-06
  2.0427868e-04
 -3.2413471e-05
 -1.9232139e-05
 -9.1046801e-05
 -1.1113349e-04
  4.1253214e-05
 -1.9170401e-04
 -1.4188683e-04
 -2.0205929e-05
 -7.5544354e-05
  1.6218366e-05
  7.6494813e-05
 -5.9260798e-05
  1.0599852e-04
 -3.7416296e-06
 -1.8604249e-05
 -1.4360629e-05
 -9.2369781e-05
  3.1306787e-05
  4.5735029e-05
 -9.5756397e-05
  1.0397950e-05
 -8.8506404e-08
 -2.7908525e-01
  4.4893276e-02
  9.7698318e-03
 -1.5391834e-04
  5.2128358e-05
 -7.2582662e-02
 -1.5835566e-02
 -4.7945566e-04
 -1.4493163e-04
  1.2204599e-01
 -8.0360536e-05
  6.2910658e-05
  1.6977327e-04
  4.2568636e-04
  1.0911906e-02
 -1.5708726e-04
  6.2739564e-04
 -8.7767479e-04
 -1.8958926e-05
  3.2506257e-04
  1.2989975e-04
  3.3753360e-05
 -5.5621149e-06
  3.6192756e-05
 -8.0942351e-05
 -2.4419556e-05
 -3.4145138e-04
 -1.2264783e-05
  2.6415975e-04
 -2.9596240e-05
  2.0518275e-05
  4.6551188e-05
  2.2990380e-04
  8.9440371e-05
  6.7803332e-05
  1.2100861e-02
  2.9523723e-04
  2.2382448e-04
 -2.1706599e-04
  2.8785685e-04
  4.8452162e-05
  3.1956905e-04
 -5.7738089e-06
 -7.0741247e-05
  3.8221766e-05
 -1.7413408e-04
 -5.5382767e-05
 -1.3796438e-04
  2.1173841e-05
  1.2610179e-04
 -1.3783773e-04
 -4.0863792e-06
  2.2920524e-04
 -2.0029588e-04
  7.3124349e-05
 -7.2694034e-05
  7.1690511e-06
  8.6992895e-06
  2.3667089e-04
 -1.8137600e-02
  2.1296199e-05
 -1.7510699e-04
  6.5340326e-05
 -1.4038337e-04
  3.0088642e-05
  2.3499213e-05
  1.1977213e-04
 -2.2202592e-05
 -5.0599570e-05
  2.4654375e-05
  2.2156062e-05
 -4.2110209e-05
 -2.0314789e-04
 -2.5461876e-04
 -1.5450398e-04
 -1.2488448e-04
 -6.9062422e-05
 -5.1256688e-05
  2.0259376e-06
 -9.8970799e-05
 -4.9960796e-05
 -7.8526835e-05
 -1.9624995e-04
 -5.1516028e-05
  4.3797991e-05
 -1.5396421e-05
  2.8342201e-04
 -1.7564320e-06
  2.9566218e-04
  5.5970129e-05
  4.7170288e-05
  5.1420613e-04
 -4.3373926e-05
  8.5975225e-05
  1.9872183e-04
  1.1368668e-04
 -2.0435586e-04
 -2.2096338e-04
 -7.3987532e-05
 -3.7182584e-05
 -2.0907546e-05
 -3.3147784e-04
 -4.9445182e-05
 -2.0674686e-04
 -1.7889006e-05
 -1.4045845e-04
  1.1613439e-04
  5.6258457e-05
  4.5208926e-05
  7.2578859e-01
 -2.3961675e-01
 -1.4858718e-01
 -1.3496414e+00
  1.3622199e-01
 -1.2793565e+00
 -2.4276780e-01
  9.1775841e-01
 -2.4357136e-02
  1.9746409e-01
 -2.1682095e-02
  1.9496973e-01
  1.0760580e-03
  7.2642029e-03
 -4.1790375e-01
  1.9678560e-01
  4.6741426e-01
 -7.0021539e-03
  6.1473961e-04
 -4.1434279e-01
 -4.7986228e-05
 -9.9836427e-05
  1.4466746e-01
 -3.4600603e-03
 -1.7668668e-03
 -1.0421644e-01
  6.0888713e-05
  2.7857164e-01
 -1.0572511e+00
 -7.0923613e-04
  1.0861280e-01
  1.4453465e-01
 -7.1520008e-05
 -8.1372028e-03
 -1.5082679e+00
  3.1795382e-04
  9.3665987e-02
 -2.2187062e-02
 -8.8711989e-01
  4.3521452e-01
  2.4277848e-01
 -9.1799023e-04
  1.0152328e-04
 -9.3407208e-01
 -1.6299638e-04
 -3.8119132e-04
  2.9129586e-03
 -5.5037224e-04
 -1.0072081e-05
 -4.6373535e-02
 -1.8338883e-06
 -2.4257750e-05
 -1.6193539e-01
  3.4345609e-05
 -7.5409752e-01
  1.5200518e-01
  3.5729168e-05
  2.4447229e-04
 -1.1360750e-01
  2.4062311e-04
  8.6225016e-04
  4.3154132e-01
  1.8085328e-01
  2.8573620e-04
  1.3354387e-05
 -3.6905261e-05
 -1.5241561e-03
  2.4763535e-01
  6.8533336e-05
  1.8134642e-04
 -1.6340226e-04
 -3.4966532e-04
  1.6059022e-04
 -9.3656141e-05
 -4.2216215e-04
 -1.8474109e-04
  5.8428866e-01
  8.1353261e-05
 -2.1274778e-05
 -3.4011915e-05
  1.9748712e-05
  7.2519627e-04
  4.9135022e-05
  3.6656629e-02
  1.6007755e-02
  3.5127476e-01
  3.4578115e-04
 -1.3023107e-04
  1.0126062e-04
  1.1401370e-04
  5.2467953e-05
  1.5877874e-04
 -2.6475155e-01
 -5.8616161e-02
  1.3741684e-04
  7.1766772e-05
 -1.1251844e-04
 -1.0095145e-04
  1.6284136e-04
  5.8152498e-05
 -9.0497284e-05
  2.5303592e-05
 -3.8935250e-05
 -3.8087175e-05
  2.1787362e-05
  4.7326419e-05
 -1.7372928e-04
  3.2807588e-05
 -8.3311141e-05
 -4.1256106e-05
  7.2838670e-06
  3.5533521e-05
 -5.7385329e-05
 -2.0292540e-04
 -1.0411476e-04
  4.1740345e-06
 -9.9994053e-05
  2.7378743e-05
 -1.4842548e-04
  1.6041317e-04
  3.6349480e-05
  1.3538066e-04
  1.6230041e-04
  6.1030191e-04
 -4.3652999e-05
  2.7173894e-04
  3.6174442e-06
  2.7771996e-05
  9.6016825e-05
  2.4700770e-04
  1.8847499e-05
  9.5916999e-05
  7.5724697e-06
 -1.1531468e-05
  8.3183106e-05
 -5.8751557e-05
  4.4290515e-05
 -4.3854860e-05
  3.2212429e-05
 -5.2099218e-05
  1.8172794e-04
 -1.3006017e-04
  9.5605159e-05
  2.8310204e-04
 -2.6541868e-05
  2.3910930e-05
  1.7366848e-04
  1.2908605e-04
 -2.6157929e-04
 -1.2939387e-05
 -5.7580997e-05
  2.9544499e-06
  3.3816363e-05
  3.9514001e-05
  1.0821236e-04
  3.5734870e-04
  1.8491413e-04
 -4.5663387e-06
 -4.4431741e-05
  3.7387261e-05
 -3.6305352e-04
 -9.5924792e-05
  7.6755538e-04
  5.8945367e-05
  2.7095832e-05
  1.2960055e-04
 -3.1998160e-01
  4.5230598e-04
  2.6341330e-04
  4.3936423e-04
  4.5510566e-05
  1.7585752e-04
 -9.6176154e-06
  1.9666139e-04
  1.3227579e-04
 -7.2943338e-05
 -9.1414935e-05
 -4.2487904e-05
 -6.6431632e-05
  1.2047921e-04
 -1.8846102e-04
  1.4217704e-04
 -6.0104729e-05
 -2.2233299e-04
 -2.9115737e-04
 -3.2183389e-06
 -1.8352832e-04
 -2.4822037e-04
 -3.3300009e-04
  6.2866102e-06
 -7.7451114e-05
 -1.1519696e-04
  4.2967632e-04
  8.9479181e-06
 -1.7509026e-05
 -4.9666189e-05
  1.4335217e-04
 -9.5048244e-06
  3.7661830e-05
  1.1144505e-05
  7.2695066e-06
  1.9892319e-05
  8.6074855e-05
  5.2074075e-04
  1.8821289e-05
 -1.3032023e-04
  5.7348439e-05
 -8.3086630e-03
  1.6086373e-05
 -6.3862021e-06
  1.9104171e-05
  3.1584880e-04
 -1.1617705e-05
  2.7672082e-04
 -1.9514398e-05
 -3.9710812e-05
  4.9907349e-02
  1.9568489e-03
  9.4749248e-06
 -1.3818778e-01
 -2.5612479e-02
 -7.2867058e-02
 -1.5851784e-01
 -2.2665414e-04
  3.5914026e-02
 -1.5596350e-04
 -2.6612118e-04
  3.5873143e-04
  1.4698111e-04
  1.5873772e-01
  2.4525510e-04
  5.6352590e-05
 -8.0091559e-05
 -1.8386319e-04
  4.0410727e-04
 -1.4888705e-04
 -2.1053100e-04
 -6.2364124e-05
  2.1234750e-04
 -4.5066229e-01
 -5.4421154e-04
 -2.2326090e-04
  8.5270651e-05
  1.4308905e-06
 -6.2811436e-05
  1.1340294e-04
  1.9329028e-04
  1.5999451e-04
  4.9112721e-05
  4.4715311e-05
 -1.9540983e-01
  5.4737538e-05
  7.4408497e-05
 -2.6857416e-04
  1.6184779e-03
 -4.3274427e-05
  1.3536396e-03
 -7.6386372e-05
 -2.7729309e-04
  5.9727961e-03
  1.3746269e-04
  1.8521708e-04
  2.0076541e-05
 -1.9326413e-04
  6.1708735e-05
 -5.1831373e-04
  5.1103230e-04
 -8.8926733e-01
 -1.3319393e-04
 -2.0206670e-04
 -1.1496726e-05
 -2.9876701e-05
 -2.1853078e-04
  5.8945185e-05
 -1.5862267e-04
  8.4862486e-06
  1.9795289e-04
 -8.7215255e-08
 -1.1968345e-04
  9.6014795e-05
  7.5711869e-05
  1.1741184e-04
  3.2698106e-05
  1.0358410e-04
  1.1607941e-04
 -2.3809493e-04
 -2.1338497e-05
  2.9952180e-05
  8.5333420e-05
  3.4963283e-05
 -4.6800953e-05
  1.5589152e-05
  3.0928158e-04
  1.7532895e-05
  2.5111942e-07
  1.1874306e-04
  9.3599956e-05
 -2.7086059e-04
  2.8276036e-04
 -3.8700685e-04
 -1.1385119e-04
  5.9356640e-05
 -4.5723180e-05
 -1.9169424e-04
 -2.1100401e-04
  2.7007554e-03
  2.5067292e-04
  3.7514456e-04
  3.4789433e-04
 -2.7627702e-05
  2.0089067e-04
 -2.1280187e-04
  1.4985238e-04
 -2.4554957e-04
  1.1326737e-03
 -3.5512992e-05
 -3.3254091e-05
 -1.0253146e-04
  5.7149764e-06
 -2.6162645e-05
  9.0323105e-05
  2.6202346e-05
 -4.1904754e-04
 -1.8921533e-05
 -5.2909958e-01
 -1.3465105e-01
 -1.0899718e-04
  3.8730145e-01
  8.2281068e-02
  5.1235375e-03
  2.3751291e-02
 -5.7952907e-02
  4.1524746e-04
 -6.2387851e-05
 -7.8092075e-05
 -6.0386657e-07
  1.1143339e-04
 -5.0946325e-01
 -3.2373439e-04
  2.2929969e-05
 -2.1366934e-05
  4.2411204e-05
  1.6076019e-04
  1.0000024e-04
  2.6287946e-05
 -3.7706905e-05
  2.0534695e-05
  8.1960454e-05
  8.0228790e-05
  5.6342635e-02
  5.4109440e-04
 -4.0205308e-05
  2.1522505e-04
  4.2979282e-05
  2.9364473e-04
 -1.2393827e-04
  1.2649252e-04
 -3.3723281e-04
 -2.4041456e-01
 -1.5710780e-04
  5.4258267e-05
 -1.0097495e-05
 -1.4882095e-04
 -5.1195591e-05
  8.8752495e-05
  3.4382163e-05
  3.1115069e-05
  1.3265834e-04
 -1.4176416e-04
 -1.4681484e-05
 -1.2245111e-03
  5.8057554e-05
 -4.1285042e-05
 -1.5772721e-04
  1.8038090e-04
  1.2743480e-04
 -1.7102526e-06
  1.8717375e-04
 -1.0140198e-01
  2.0966046e-01
 -1.6260171e-01
 -3.1257141e-01
 -1.2225822e-01
 -6.4114407e-02
 -1.3696134e-01
  9.1556095e-02
  1.6296180e-01
  3.9944455e-01
  1.2448742e-01
  3.7852667e-02
 -9.1332614e-02
  4.8162166e-02
 -9.5204078e-03
  2.4349175e-01
 -6.1369624e-02
 -6.2921166e-02
  2.8409898e-01
 -2.0227487e-01
  3.0940834e-01
  1.0924311e-02
  4.0265404e-02
 -8.1711471e-02
 -2.2408389e-03
 -5.1110245e-02
  1.1505956e-03
  2.5858822e-01
  5.5537759e-03
  1.0908294e-01
  5.9167288e-02
  7.8849018e-02
 -4.0650979e-02
  3.6376205e-03
 -6.2849455e-02
  3.6444357e-01
  1.4905556e-01
 -1.7456390e-02
  1.4525230e-02
  3.9316159e-02
  5.3002453e-01
  1.5438019e-02
  8.4166983e-05
 -1.2950020e-01
  1.0057808e-01
 -2.3037117e-04
  3.8094845e-01
 -1.8377450e-01
  1.4614120e-01
 -6.1008073e-03
  7.0484385e-02
  1.5453232e-05
 -2.5951313e-02
 -5.1536993e-04
 -9.3798548e-02
 -7.7919513e-02
 -3.0478612e-03
 -5.0373471e-01
 -9.2465401e-01
  6.1774766e-01
  1.3701850e+00
 -1.1938508e+00
 -9.3964595e-01
 -2.1017253e-01
 -3.4039672e-03
 -9.3352981e-05
  4.7006685e-02
  2.3236030e-01
 -1.4977264e-01
 -1.7710358e-01
 -2.9998285e-01
  2.5173208e-02
 -1.3920964e-01
 -8.4980270e-03
 -5.2989525e-01
 -1.3781217e-01
  6.9456182e-02
  1.4439315e-01
 -8.9542180e-02
  9.5420077e-02
  6.3123593e-06
 -5.4616664e-02
 -3.9813509e-03
 -2.3945799e-04
 -1.8967824e-01
  1.6001882e-01
 -1.8111512e-01
 -4.0860587e-01
  6.8252712e-01
 -1.2887143e-04
 -4.2882326e-04
 -1.4756958e-01
 -2.4156494e-01
  6.2296595e-02
  1.3279158e-04
 -2.2056255e-01
  9.3028702e-02
  4.3679169e-01
 -5.3437747e-05
  1.1656818e-04
 -8.6399166e-05
  1.3642522e-04
 -1.5209503e-01
  5.9767848e-05
  5.2603038e-05
 -1.9360056e-04
  5.1734772e-02
  1.9931456e-04
 -1.4606823e-01
 -1.1901658e-01
  7.0211327e-06
 -4.5530651e-05
 -4.7016190e-05
 -8.0706071e-05
  1.2166615e-01
 -2.2720495e-05
  8.5574160e-05
 -3.1481592e-05
 -2.2807246e-05
 -1.8017096e-04
  1.2993748e-01
 -1.1734536e-03
  2.1627136e-01
 -8.1633327e-05
 -5.1799354e-05
  1.7820303e-04
 -8.5521424e-05
  3.7623737e-05
 -8.7715860e-05
 -3.7348327e-05
 -5.0448463e-04
  2.8758912e-04
  3.0484400e-05
 -7.4178788e-05
  4.3586850e-05
  2.7909853e-06
  1.5877931e-04
  1.8102803e+00
 -9.5892710e-06
 -1.8892187e-04
  2.2498226e-04
 -2.8228240e-05
  5.4347802e-06
  1.9715721e-05
 -3.6079258e-05
  2.6028231e-04
 -1.6362067e-02
 -1.0047766e-04
 -1.7824792e-04
  1.8730020e-04
 -2.4415554e-06
  1.4385986e-04
  2.7941074e-04
  9.2446135e-05
  4.4295484e-05
 -6.9655634e-06
 -1.4975884e-04
  1.1132751e-04
 -3.9988983e-05
 -9.1888971e-05
  7.0485177e-05
  3.0396652e-04
 -2.8373368e-04
  1.6219679e-05
  2.5885497e-04
 -7.5973097e-05
 -8.6612781e-05
 -6.6653207e-05
  7.5074429e-05
 -5.6912922e-05
 -4.6029803e-05
 -1.5427743e-04
  3.5789145e-07
 -4.4757052e-04
  7.0443159e-05
  1.8987687e-04
 -1.7601701e-04
  1.4835567e-04
  4.7290137e-05
 -2.8417389e-05
  3.2157754e-05
  3.9301411e-04
 -2.7651660e-04
  1.8633596e-05
 -1.5444703e-04
 -7.2338684e-05
 -1.6487724e-04
  3.9420032e-04
 -7.3960851e-05
  1.3623346e-04
 -5.9258728e-04
  1.0183913e-04
  4.0209299e-04
  1.8584437e-04
 -3.2657890e-06
 -3.2170174e-05
 -1.1950906e-04
 -2.0144455e-05
  1.8918612e-04
 -8.4907624e-05
  1.9925064e-05
 -1.6329992e-04
 -1.5149622e-04
  3.1701009e-05
 -2.7958327e-04
  1.1920459e-04
 -2.4988837e-04
 -2.7952073e-04
  2.2334183e-05
 -1.5861326e-04
  4.0196475e-05
 -1.3397087e-04
  1.8655839e-04
  1.5228383e-04
  2.3890421e-05
  6.5354376e-05
 -7.8300804e-01
  4.9081448e-01
 -1.9312567e-04
  1.3011320e-01
 -6.3507259e-01
 -2.0103064e-01
  1.1537025e+00
 -1.9610236e+00
 -1.0297866e+00
 -1.2713939e-01
  2.2522116e-01
  2.1862030e-05
 -1.9490408e-03
 -2.4941923e-01
 -5.1900834e-01
 -1.2738033e-03
 -2.1419623e-01
 -5.3748814e-04
  3.5283988e-04
  2.5657639e-03
  2.8966009e-04
  1.2683353e-01
 -3.2579774e-01
 -9.4573799e-05
  4.6553861e-02
  1.8669315e-01
 -6.3670428e-05
 -1.6242549e-01
  5.9461051e-01
  1.7229306e-03
 -1.4223705e-01
 -3.2273793e-01
  1.5318602e-01
  2.3018254e-02
  3.0168027e-04
 -3.2272431e-04
  3.0165722e-04
  2.2231068e-02
 -1.1484105e-04
 -3.7154806e-01
 -6.4411093e-03
  1.4652560e-05
  2.1198492e-05
 -3.5997368e-02
  3.6231791e-05
  7.8491670e-05
 -2.8871937e-04
  5.1952131e-05
  1.9835947e-05
  9.1645290e-04
 -2.6321864e-05
  1.3123041e-04
 -4.7833097e-04
  9.2866911e-05
  1.7006799e-04
  9.7437980e-05
 -4.8812984e-05
 -2.4189740e-04
 -1.1854256e-04
  1.8939408e-04
  8.6840344e-05
 -7.6879267e-05
 -2.2300379e-04
 -1.5441658e-05
  1.2610781e-05
 -4.1779396e-05
 -3.8996117e-05
  2.8955556e-05
 -1.2355018e-05
  2.6617223e-05
  2.5659642e-04
  4.9913953e-05
  3.8431157e-05
  1.8133478e-04
  3.5811510e-04
 -5.3500884e-05
 -7.7426712e-06
  1.6649385e-04
  1.6916980e-06
  2.8798557e-04
 -5.8449110e-05
 -1.5818149e-04
  1.2934534e-04
 -3.0907957e-04
  1.2659277e-04
 -1.9563324e-05
 -2.1820147e-04
  1.9623507e-05
 -4.0330739e-05
 -3.2632841e-05
 -2.5367396e-04
 -1.4571789e-05
 -2.6352788e-04
  1.0846325e-05
 -1.1007483e-04
  1.5437290e-06
 -5.8358328e-05
 -5.7803438e-05
  3.2262331e-05
 -2.7210803e-05
  2.4874002e-04
 -1.2269117e-04
  6.4674037e-05
  2.7907930e-05
  1.5596430e-04
  5.7709607e-04
  3.6178401e-04
  1.6814366e-04
 -2.9858524e-01
  2.5138605e-01
  1.7686810e-03
  1.6955309e-01
 -1.6740814e-01
 -5.1916003e-02
  6.9108337e-01
  3.6912280e-01
 -6.0117207e-02
 -4.9655862e-02
 -2.6394877e-01
 -3.9694160e-01
 -1.4857105e-04
 -3.8803679e-01
 -1.7334293e-01
 -2.4576958e-01
  2.7865170e-02
  2.3864044e-04
 -4.2641766e-02
  3.0969322e-04
 -1.0654264e-01
 -3.6965522e-01
 -3.0039182e-01
  1.3020127e-02
  8.6291457e-06
  5.2470383e-05
 -2.1362597e-04
 -4.9045132e-03
  1.9440341e-01
  1.4437419e-02
 -2.7333365e-03
 -3.4324807e-01
  4.7356334e-02
 -2.5329888e-05
  2.8077486e-01
 -7.0184586e-05
 -7.2226903e-05
  2.9115082e-04
 -5.5453293e-02
 -9.0496868e-02
 -1.8015812e-01
  6.2103395e-06
  6.6507125e-04
  2.6050694e-02
 -2.3461226e-04
 -2.2343057e-04
 -3.8342562e-04
  1.1455893e-03
 -4.8129372e-05
  3.7251845e-02
 -6.8823996e-05
  1.6179672e-04
  2.7159555e-04
  1.2047979e-05
  8.0654594e-05
  1.3514397e-04
 -2.5670501e-04
  2.0688912e-04
 -8.7966037e-05
 -1.0423345e-05
  6.7441673e-05
  8.4414540e-05
 -2.1712318e-04
  8.7714943e-05
  1.4115132e-04
 -3.6254980e-06
 -1.9278401e-04
  2.6275071e-05
  2.4027247e-05
 -1.2154273e-05
 -2.2082438e-04
 -4.5125893e-05
  9.5830779e-05
 -1.0095940e-06
  3.5322515e-05
 -9.4154893e-06
  2.1085860e-04
  3.0074325e-05
 -7.0860783e-06
  4.5707766e-05
  2.8615410e-04
 -1.4151690e-04
 -5.2698782e-05
 -6.5913860e-05
 -1.9385647e-04
 -6.1647734e-05
  5.1125308e-04
  7.2059986e-05
  1.4135356e-04
  1.1149198e-05
  2.2016888e-04
 -6.4952539e-05
  4.3244487e-05
 -2.2853080e-04
  1.4932676e-05
 -3.6576900e-04
  2.3566198e-04
 -1.1241997e-04
 -3.4262423e-05
 -2.8417292e-01
 -5.5454882e-05
 -1.9985056e-04
  2.1906879e-05
 -7.2972558e-05
  1.2577564e-04
 -2.3790925e-04
  8.8133100e-05
 -1.2262748e-04
  7.9942860e-05
 -8.3253632e-05
 -7.5556119e-07
 -5.9982525e-05
  2.8369811e-04
  6.4601423e-05
  1.2719861e-06
  3.7319049e-05
 -3.6700436e-05
 -7.6847435e-05
  9.3928764e-05
 -2.9819508e-04
 -1.9561333e-04
 -3.3334937e-04
 -1.5938345e-04
  4.1453357e-05
  5.8815014e-05
  3.6856076e-05
 -1.6926391e-04
 -2.1968703e-05
 -2.5518408e-05
 -2.0713103e-05
  1.8314357e-05
  2.3931018e-01
  1.5194450e-05
  6.3921398e-05
 -2.8644881e-04
  9.1420530e-05
 -1.9219852e-04
  1.6022581e-04
 -5.3976350e-05
  4.9556745e-04
 -2.6891914e-06
 -1.4172876e-04
 -3.2522363e-05
  9.4919174e-05
  7.2699695e-05
 -1.4689568e-05
  6.8173413e-06
 -9.8325632e-05
  5.9182482e-04
 -1.1045459e-04
  1.1447365e-04
 -1.3138236e-04
 -4.5079214e-05
  1.1541243e-04
 -4.4714352e-06
  1.0062869e-04
 -1.4832465e-04
 -2.8830896e-06
 -4.3795100e-07
  1.5884025e-05
  1.2655194e-05
  2.2467309e-05
  2.2366804e-04
 -1.1760012e-05
 -3.8165257e-05
  5.2326341e-05
  7.1062757e-05
  1.5447759e-04
 -1.5944673e-04
 -1.2354509e-05
  5.0171709e-04
 -1.9635238e-04
  1.5435793e-04
  2.3068202e-05
  1.4853847e-04
 -1.2424016e-04
 -3.0974406e-04
  3.7382822e-04
  3.7698497e-04
 -8.9539708e-06
 -1.1063277e-04
  1.8033519e-04
 -4.6003602e-06
 -4.5795958e-05
 -1.7044846e-04
 -1.9280594e-04
 -1.7672930e-04
 -1.0141453e-04
 -1.2477011e-04
  1.3537627e-05
 -1.1169042e-04
  3.5860602e-04
  1.0734498e-04
 -6.0387472e-05
  1.7144797e-05
 -4.7642450e-05
 -1.7924345e-04
 -5.8300106e-05
 -1.7623005e-04
 -1.8962051e-04
 -3.8220613e-05
 -9.5003139e-05
 -1.1921498e-04
 -2.4622062e-04
  5.5156074e-06
 -1.1104078e-04
 -6.0023925e-05
 -1.5425083e-04
  2.9762172e-05
  2.0926293e-05
 -1.1657927e-04
  8.5815263e-05
  2.8000434e-04
 -3.0633400e-04
  5.3803044e-05
  1.8158653e-04
 -6.8711483e-01
  3.5754375e-02
  1.1780093e-01
  1.4486088e-01
 -2.0437180e-01
  7.1139896e-01
  2.2373298e-04
 -5.4577291e-02
 -3.8896674e-01
 -8.6274125e-02
  3.8538009e-03
  3.7314221e-05
 -1.2500952e-01
 -3.0514377e-01
  2.6812523e-03
 -2.0939627e-04
 -3.4729756e-02
 -7.6529778e-07
 -4.0780720e-03
  2.7736103e-02
  1.8782735e-05
 -1.6037814e-04
 -9.4364129e-02
  8.4007671e-03
  1.4625706e-03
  2.8806932e-03
 -1.4518261e-04
 -9.7023780e-03
  1.9862230e-03
  3.6756421e-04
 -7.4682571e-02
 -1.8568709e-01
 -1.4260922e-05
 -2.1866859e-04
  9.5771872e-02
 -2.1649734e-04
 -3.8048023e-04
  2.7893752e-02
 -5.2831799e-01
 -1.4845905e-04
 -1.0158057e-01
  3.4130415e-01
  1.2684574e-06
  1.0463378e-02
 -2.7170926e-04
  2.6871814e-04
 -1.1307554e-04
  3.9804674e-04
 -1.0311902e-04
 -2.4686316e-05
 -5.2692172e-05
  1.3237675e-04
 -1.6245658e-05
  6.8243985e-06
 -1.5000243e-01
  2.8714910e-01
  3.0059760e-04
 -1.0579801e-01
  4.3176106e-01
 -1.6449827e-01
 -4.7547427e-01
  6.5854889e-05
  2.2021046e-01
 -3.8832703e-04
  1.1475824e-02
 -2.4391990e-04
 -1.4314666e-01
 -9.2716657e-02
  1.5711656e-02
 -5.6275097e-04
  2.8521400e-03
 -3.2950313e-05
 -7.3284842e-04
 -2.6563914e-05
  4.1277970e-05
 -9.3348309e-02
 -6.6223321e-05
  6.8744890e-02
  6.2678830e-04
  4.7716720e-04
  1.3218427e-04
  9.2540133e-05
  3.6006656e-01
  3.0666543e-04
 -1.2609170e-01
 -2.4702026e-01
 -6.4740045e-05
  9.1906259e-06
 -1.1266009e+00
 -8.9576592e-05
  1.5120463e-01
  1.5214922e-02
 -1.4514605e-02
  7.0071362e-02
 -2.7734097e-04
  1.4237297e-03
  6.3406513e-04
  7.8693531e-02
  1.1673728e-04
  4.1656782e-05
 -6.2149287e-05
  6.0877745e-04
  4.1749121e-05
  2.1931269e-04
  1.6669164e-04
  3.6923939e-05
 -2.2182181e-04
  1.6906223e-04
  1.1187676e-04
  5.0107221e-05
  6.2828796e-05
  1.5181519e-05
 -3.6850910e-05
 -1.4625501e-04
 -1.7659215e-04
 -1.1005338e-04
 -6.7874927e-05
  2.3405819e-04
  4.0041392e-05
 -7.6955548e-05
  5.5590066e-05
 -3.4717214e-05
 -8.1877137e-05
 -2.5738623e-06
  6.8486144e-05
  1.5105646e-04
 -7.3224743e-05
  9.0642214e-05
 -2.5606091e-04
  7.4241005e-05
  1.1617492e-04
  3.7467049e-04
 -6.4509854e-06
  1.0959440e-04
  1.5031964e-05
 -2.7680767e-04
  8.1613754e-05
  4.4448938e-05
 -1.4000233e-04
 -1.4131457e-04
 -1.8208455e-04
 -1.0641738e-04
  3.8000289e-04
  5.5848534e-05
  1.6801952e-05
  1.7257701e-04
  5.0712093e-05
  3.7349682e-04
  3.4232919e-05
 -8.3802515e-06
  1.6094698e-04
  1.2695675e-05
 -1.3404427e-04
  8.7554508e-06
  2.7548044e-04
 -2.3749446e-06
  9.9886282e-05
  1.4879921e-04
  4.8053356e-05
  6.0101247e-05
 -8.1908809e-05
  5.2709398e-05
 -3.0378881e-04
 -8.0840204e-05
  1.3694054e-04
 -6.0866834e-05
 -1.1692897e-05
  1.7343345e-04
 -1.3320899e-04
  1.4326184e-04
  2.2949559e-06
  4.3615953e-05
  1.6002488e-04
 -1.5617913e-04
  1.3639848e-04
 -3.0552520e-04
  5.8091089e-05
 -1.8465749e-04
 -1.7229887e-04
  6.4749096e-05
 -1.1803359e-05
 -1.0405426e-05
  5.2817268e-05
 -3.3418266e-05
  2.0341761e-04
  1.2390723e-04
 -3.8946102e-05
  2.5649395e-04
  1.2350128e-04
 -2.0605630e-04
 -1.4497386e-05
  1.7238939e-04
 -6.0939794e-05
 -1.5816579e-04
 -6.5788627e-05
  1.3043435e-04
  4.6589246e-04
 -8.0691723e-05
  1.6371330e-04
  1.6031005e-04
  9.2733069e-05
 -8.4201252e-05
  9.3484749e-05
 -1.1108029e-04
  4.7319673e-04
 -7.8397745e-05
 -5.0139657e-05
 -1.3004411e-04
  8.8546098e-05
  5.6114205e-04
 -9.6420605e-05
  1.7918082e-04
 -2.3058861e-05
  3.0634343e-04
  9.8005366e-05
  4.6804962e-05
  4.1277122e-05
  1.1138868e-05
 -1.1985423e-05
 -6.3600451e-06
 -5.8143829e-05
 -8.5303645e-06
 -2.7158976e-06
  3.9191923e-06
 -3.1427778e-02
 -1.2647167e-05
 -1.3922948e-04
  3.7161465e-04
  4.5385495e-06
  5.9389120e-05
  1.8385716e-05
 -1.5099662e-06
  9.1177724e-05
  1.7580958e-04
  6.7370507e-05
 -6.3745036e-05
  1.0409895e-04
  7.7492798e-05
  2.1180709e-05
 -1.3545036e-04
  5.1764073e-06
  1.2373067e-05
 -7.7586228e-05
  1.2043824e-04
  5.8110545e-05
 -1.0429791e-04
  1.6128244e-05
 -5.5685159e-05
  6.3795633e-05
  5.1274423e-05
  2.6106851e-05
 -2.0942173e-04
  4.1216772e-05
  2.2730186e-04
  9.1882168e-05
  3.8988193e-05
 -1.1089087e-05
 -2.7245402e-04
  1.0730977e-04
  8.6331849e-05
  6.3664520e-06
 -3.9459195e-05
  1.3567953e-04
  7.7762452e-05
  1.5004516e-04
  5.8377263e-05
  1.8328564e-04
  8.9715832e-05
  1.0251863e-05
 -4.0710170e-04
 -1.5205666e-04
  3.7473088e-05
  8.0940576e-05
  6.1536784e-06
  7.8629200e-05
  7.3460797e-05
  5.9843925e-04
 -6.1767810e-04
 -6.9715112e-04
 -2.5256420e-04
  2.5903698e-04
 -3.1479308e-04
 -3.2643871e-05
  7.6508679e-04
 -5.1106348e-05
  2.2022467e-04
  1.8219413e-04
  2.5102781e-05
  7.8034740e-05
  2.3315613e-04
 -1.3538268e-05
  5.3274143e-04
 -1.2217155e-04
 -1.5691294e-05
 -1.2296285e-02
  5.7987847e-05
 -5.2791838e-05
 -5.5108772e-05
  6.3635278e-05
  5.6520836e-05
  5.1798375e-05
  3.3562330e-05
 -1.6578214e-04
 -9.7723067e-05
 -1.4349437e-04
 -3.2826222e-04
  1.5868052e-05
 -4.5331537e-05
  1.5230180e-04
  3.8804057e-05
 -7.4357277e-04
 -1.0822189e-04
  6.8081783e-05
 -5.3377167e-05
 -1.2757867e-05
 -6.3379171e-05
  4.1843604e-04
 -4.5667257e-05
 -3.8693430e-05
 -5.7134043e-06
 -1.4888281e-04
 -1.2890893e-05
  2.7130582e-05
 -1.0065967e-04
 -1.7214956e-03
  4.3723803e-02
 -8.4361335e-04
 -1.1047650e-04
 -1.2372549e-04
  1.1820107e-04
 -1.5660358e-05
 -1.1490932e-04
 -2.3628893e-01
 -5.2860185e-05
 -1.0869105e+00
 -3.3401174e-03
 -3.2011416e-05
  4.9574694e-01
 -6.7669716e-05
 -2.7932290e-05
  2.4186081e-04
  3.6585032e-05
  9.5667501e-06
 -1.5678564e-01
 -3.6778503e-05
  8.2829247e-06
 -8.9690264e-05
  2.2492908e-04
 -3.1409971e-05
  1.8333772e-06
  1.0033507e-04
 -1.1214623e+00
  4.7492480e-01
  2.1675421e-04
  1.3056892e-04
  3.0770272e-04
 -9.3341171e-04
 -1.7699660e-05
 -3.7626915e-02
  2.4268887e+00
  2.8950002e-04
  2.2822918e-04
  4.8615840e-01
 -1.9170611e-01
 -8.3425206e-01
  2.1233929e-04
 -2.4174098e-05
 -1.6439011e-04
 -1.8358190e-02
 -7.8716141e-01
 -8.0483827e-05
  3.3951985e-06
  3.4384977e-06
  2.0785727e-05
  5.0746894e-01
  1.6459572e-01
 -6.7136240e-01
  1.4476618e-04
 -1.7619254e-01
  1.3021410e-04
 -2.6980288e-05
 -1.3260581e-04
  1.0364692e+00
  1.5584745e-05
 -5.4609215e-01
 -1.5892526e-02
  7.3346288e-05
 -7.3293239e-02
 -2.4793689e-01
 -1.3647127e-04
  3.9828094e-04
  2.0890751e-04
 -4.4862580e-02
 -3.0422378e-01
  2.5869536e-05
 -1.9961321e-01
  3.5469311e-05
  5.3469805e-05
  1.5445151e-04
  2.1771266e-01
  5.6172132e-02
  6.4473474e-01
  3.3113602e-01
 -5.9768383e-05
  1.2935732e-01
  2.3804078e-01
 -2.4115262e-04
 -1.4274468e-01
  1.2632172e+00
 -7.3747075e-01
 -1.7417119e-01
 -2.4033263e-05
 -3.7099025e-01
 -3.1226973e-05
 -5.4983371e-01
  8.9091518e-05
 -1.5607217e-04
 -8.5871041e-05
 -4.5895025e-01
 -3.0390641e-01
  1.5032825e-04
  4.0555129e-05
  7.0764669e-05
  2.1498765e-04
  1.6228384e+00
 -4.2561671e-01
 -9.8283976e-01
 -1.8054572e-01
 -6.0093650e-03
 -3.2452834e-01
  7.6576412e-01
 -1.4442840e-01
  8.9250352e-06
 -1.2427915e-01
  1.1273590e+00
  1.5491608e+00
 -6.8345165e-01
  1.2357439e+00
 -4.0912822e-01
  1.5958316e+00
 -1.7722895e+00
  3.6595783e-01
 -5.4385629e-04
 -1.3737831e-01
  1.2495534e+00
  7.7556998e-01
  1.2633324e+00
  9.8862298e-02
 -7.1300411e-01
  4.3435283e-02
 -2.0762464e-01
 -1.8596953e+00
  3.4404862e-01
  9.7073889e-01
  1.5731070e+00
  1.7133409e+00
  6.7201787e-01
  1.2367885e+00
  1.2080096e+00
 -1.2773331e-01
 -2.0699683e-01
  6.0175484e-01
 -1.2619402e+00
  7.4667114e-01
 -3.4725603e-01
 -6.9149500e-01
  7.5087719e-02
  5.6906289e-01
  9.0578978e-04
  2.4952395e+00
 -1.5808160e+00
 -8.7878001e-01
 -1.3041106e+00
  3.7760276e-01
 -1.5728925e+00
 -1.5682330e-02
  9.9260312e-01
  7.7382773e-01
  3.2377725e+00
 -1.1281938e-01
  2.7496302e-01
 -1.0740106e+00
 -4.6741387e-01
 -1.3540618e+00
 -1.3815507e+00
  2.1365016e+00
 -2.8412902e-01
 -1.5843428e+00
  3.2693282e-02
 -4.5869899e-01
  3.0258667e-01
 -1.5526602e-01
  6.2209976e-01
 -9.7151673e-01
  4.0059736e-01
 -6.5356106e-01
  1.5091549e-01
  1.3401146e-01
  2.6213825e-01
  7.8618468e-05
 -3.6091795e-05
 -4.0250315e-04
 -1.1131240e-01
 -3.9996863e-05
  5.3766518e-05
 -2.6872772e-01
  1.5870943e+00
 -1.1041984e-04
  9.7033184e-04
  7.2486353e-01
  8.4830409e-01
 -3.5069472e-05
 -3.1086051e-01
 -4.0037376e-01
 -2.0911593e-02
  1.2824495e-04
 -1.6949959e-03
  8.1451941e-01
 -2.8667799e-01
 -3.9864543e-01
  1.1272244e-03
  2.2118022e+00
 -6.5891796e-01
 -2.9438252e-06
  6.6966684e-05
  1.3766747e+00
  1.5755318e+00
  1.8838138e-05
 -5.1133454e-01
 -7.1037404e-02
  2.0420785e+00
 -4.9902923e-02
 -4.5869013e-04
  6.8853039e-01
 -9.9981606e-01
  1.2563438e+00
  7.7032334e-01
 -5.7858598e-01
  1.3390640e+00
  8.7465309e-02
  3.1864031e-06
 -1.1333041e+00
  5.2620530e-01
 -1.1791280e-01
  8.9468008e-01
  7.1641874e-01
 -2.2418389e-01
 -1.4100657e-01
  1.3296199e+00
 -1.4723651e-01
  1.6605151e+00
  6.8327880e-01
  5.9311341e-02
 -1.2318259e+00
 -1.3793452e+00
 -6.8366957e-01
  1.7612131e-01
 -9.8232734e-01
  1.9385825e+00
 -1.2879046e+00
  7.9507065e-01
  8.5587496e-01
  2.0196300e+00
 -1.5545276e+00
  2.7615023e-01
  4.3743771e-01
  1.1453352e+00
  3.0023140e-01
 -4.1259661e-01
  1.5861927e+00
 -8.1617498e-01
 -1.1808763e+00
 -4.2183268e-01
  2.1671953e+00
  5.4415196e-01
  4.4094946e-04
  3.9224498e-05
 -9.6911967e-01
  2.2720213e+00
 -1.3859309e-01
 -1.3686284e-01
 -1.5445863e+00
 -3.8400352e-01
 -1.3011458e+00
  6.4301334e-02
 -5.4934931e-01
  5.6861851e-02
 -7.9838467e-01
 -1.8058825e-04
 -8.1771809e-01
  7.2836882e-01
 -1.1945169e+00
 -6.3546083e-04
 -2.3071983e+00
  1.5088551e+00
 -9.8043971e-02
 -6.6772411e-03
 -2.1318243e+00
 -1.5206625e+00
  7.5142679e-04
  3.0037078e-01
 -4.7599173e-01
 -1.4411132e-01
 -1.4087557e+00
 -1.6914796e-02
  1.5367444e-01
  1.8177451e+00
 -8.6801939e-02
 -3.8612908e-01
 -1.7322259e-01
  9.5030552e-01
 -1.0225970e+00
 -5.9114408e-01
  1.4621407e+00
 -1.1903007e+00
 -2.0024614e+00
  4.7229108e-01
 -8.4254915e-01
  5.3512758e-01
 -8.9599693e-01
 -7.5088859e-02
 -2.5440834e+00
  1.0337865e+00
  8.9254606e-01
 -2.1375947e-01
  5.1246351e-01
 -3.3342963e-01
  5.0699180e-01
  1.0501591e+00
  2.4581268e-01
 -6.6900671e-01
  4.6987091e-03
  1.0188869e+00
 -3.8015047e-01
 -1.7036997e+00
  1.3714432e+00
  3.6536852e-01
  2.0545758e-01
  7.1782792e-01
 -1.1970134e+00
  7.9806292e-01
  2.0271785e+00
 -1.1768547e+00
  6.5552157e-01
 -1.8040302e+00
  1.9329655e-01
  9.0034044e-01
 -3.1910875e-01
 -2.4037793e-02
 -2.1869597e-01
 -1.9592937e-02
  1.3176372e+00
  4.4404626e-01
 -1.9823250e+00
 -2.4649192e-02
  2.6189947e+00
 -2.3881507e+00
  7.9963738e-03
  9.9281245e-01
 -3.2999936e-02
 -6.3989329e-01
  9.7058177e-01
  1.2497912e-02
 -4.2438337e-01
  4.7148235e-02
 -3.8384181e-01
 -8.8539347e-02
  3.0565992e-01
 -1.6074487e+00
 -1.1411378e+00
 -5.4422075e-01
 -7.5323910e-01
 -1.5888949e-01
 -7.0224464e-01
 -2.0615222e+00
 -1.9468817e-01
 -1.9659162e-02
 -1.9645803e+00
  8.3286870e-01
  3.5120863e-01
  1.0552280e+00
 -1.1790981e-01
 -3.8255385e-01
 -2.1819764e-01
  5.5133843e-01
  4.2075184e-01
 -1.5343518e+00
 -7.7479082e-01
 -7.1013415e-01
  3.7552971e-02
  9.6895003e-01
 -2.4770977e-02
  2.5263259e+00
 -1.0035697e+00
  4.3533401e+00
 -2.1184542e+00
  2.4777651e+00
 -1.2191371e+00
  1.2288250e+00
  5.2293932e-01
 -3.6946516e-02
 -3.8670957e-01
  3.7265933e-01
  6.3541937e-01
 -1.6669471e+00
 -4.4668600e-01
  1.6977042e+00
 -1.3642610e+00
 -4.2461568e-01
 -7.6540488e-01
  4.7902998e-01
 -1.3653934e+00
  1.0771999e+00
 -7.6481962e-01
 -4.4456708e-01
 -1.5553273e+00
  3.5645201e+00
 -1.1054641e+00
  2.2824929e+00
  5.8406311e-01
  3.5881072e-02
 -6.6227335e-01
 -1.2174481e+00
 -2.7420345e-01
  6.9152945e-01
  8.7022495e-01
  9.4922090e-01
 -6.7018390e-01
 -5.1128340e-01
  3.7640992e-01
  1.4778142e+00
 -2.4595840e+00
  1.1317699e+00
 -2.0186411e-01
 -8.0873394e-01
  3.3357361e-01
  4.2849120e-01
 -6.7407340e-02
 -1.3940594e+00
  1.5829843e-01
  1.7187672e+00
  6.3209856e-01
 -6.4848626e-01
 -4.4229846e-02
  4.8129925e-01
  2.4404879e-01
  2.9663622e-01
 -4.8607826e-01
  5.9279543e-01
 -5.4741061e-01
  3.5461232e-01
 -8.1900787e-03
  3.0514040e+00
  1.4209199e+00
  5.3136969e-01
  7.9470731e-02
  4.8941929e-02
 -2.5475907e+00
  1.8232416e+00
 -3.1700504e-01
 -4.5776817e-01
 -1.1368035e+00
  9.8850355e-02
 -1.4132668e-01
  5.0302923e-01
 -1.8545207e+00
  2.2855544e+00
  2.7669090e-01
 -6.0448144e-02
  4.3775979e-02
  9.4476759e-01
  6.0869604e-02
  1.2217621e-01
  1.4732778e+00
 -6.0311455e-02
 -1.4177051e-01
  7.2472173e-01
  1.3125602e+00
 -4.2987326e-01
 -6.4995879e-01
 -3.0790782e-01
  1.7172654e-01
  5.7011491e-01
 -1.8210423e-01
 -1.2889118e-01
  1.1170263e+00
  1.5100393e-02
  2.0015305e-01
  1.7425660e+00
  2.6822835e-04
 -6.0437864e-01
 -1.7744307e-05
  8.5548731e-05
 -9.7397856e-02
 -1.2437527e+00
  7.5535828e-01
  1.5919700e+00
 -1.2469879e+00
 -6.6171491e-01
 -3.0502149e-01
  4.1157696e-02
  1.2221379e-03
 -5.1130378e-01
 -2.1890640e-04
  5.1645398e-01
 -2.9469445e-01
 -4.6011290e-01
  1.1423243e+00
  3.3481994e-01
  1.8946095e-01
 -1.6931016e+00
  4.3639141e-01
  1.5725124e-04
 -1.5929866e-01
  4.4567117e-01
  5.7966864e-01
  1.2314292e+00
  1.9555025e-02
 -1.0376781e-01
  2.0876059e-01
  5.2675152e-01
  1.2660838e+00
 -1.1534208e-01
 -1.4921535e+00
 -2.4092714e-01
 -5.4252183e-01
  9.5403567e-02
 -1.2477059e-04
 -2.3338634e-04
  3.2198474e-02
  9.5243648e-02
 -5.6987095e-01
 -3.7581459e-02
 -2.7992969e+00
  1.3072932e+00
 -6.1991864e-01
 -2.1965592e-01
  9.2412412e-02
  1.0350308e+00
  4.9157947e-02
  8.1720624e-05
 -3.2958902e-02
 -1.4301933e-01
 -6.9302225e-01
 -1.9304632e-01
 -1.4094343e+00
  2.1786389e-03
 -3.2569918e-01
 -4.3318484e-02
 -1.0279877e+00
 -2.5237513e-01
  2.2493689e-01
  2.5086578e-05
 -2.2435391e-02
  8.9613959e-02
 -3.1179401e-01
 -2.8211102e-01
 -7.4854314e-02
 -1.1681844e+00
  4.6108711e-01
 -3.4116215e-01
  7.6661447e-05
  1.7463610e-05
  2.6909107e-01
  6.2315066e-06
 -3.3289629e-01
 -1.4343632e+00
 -1.7570165e-01
  2.4914632e-02
 -1.1950761e+00
 -8.3423883e-01
  1.8412037e-01
 -9.4574070e-01
 -1.2986398e-01
  8.6814803e-01
  2.2454763e-02
  2.4737665e-01
 -4.0361173e-03
 -2.1236756e+00
 -5.9314573e-01
 -3.0833456e-01
  6.4128697e-02
 -1.1251564e-01
  9.9138784e-01
 -3.9618039e-01
 -8.4722793e-01
  5.0939765e-02
  1.4770813e+00
  1.9486649e-02
  2.9883510e-01
 -8.9964410e-03
 -9.3250468e-02
 -2.9052017e-02
  5.0449950e-01
  9.8642342e-02
  2.0862134e+00
  1.6885111e+00
  1.6136812e-04
 -1.7067575e-01
  2.5598760e+00
  1.1142880e-01
  7.5582218e-01
  2.2043677e-01
 -1.9695992e+00
 -5.4090619e-01
  1.4206820e+00
  8.0184549e-01
 -8.7261444e-01
  9.8492295e-01
  4.0260721e-02
 -1.3506814e-02
  1.2785455e+00
 -5.3478366e-01
  3.2626113e-01
 -1.3566289e+00
  4.2602280e-01
  7.0146066e-01
  9.4542205e-02
 -9.5868707e-01
 -1.3717670e+00
  2.9500923e-01
 -4.4111136e-01
  6.8841982e-01
  2.2659542e-01
 -1.2438699e-01
 -2.4963187e-01
 -2.3717542e-01
  3.5440934e-01
 -4.7433683e-01
 -3.7330237e-01
 -7.8537285e-01
  7.8744717e-02
  1.0516615e+00
  1.8705004e+00
  4.2657636e-02
  2.1809302e-01
  4.5216435e-05
 -1.6416106e+00
  1.1177913e-01
 -8.0051279e-01
  1.0531024e+00
 -1.4781709e+00
  1.5647272e+00
  1.4959036e+00
  9.5077939e-02
  4.9695927e-01
  1.6045464e+00
 -7.1536446e-01
  7.2399729e-01
  1.3714190e+00
  6.4011235e-03
 -5.2870649e-01
  3.8447106e-01
  4.7467425e-02
  1.0351319e+00
  2.7493373e-01
  4.4796470e-01
 -8.5705543e-01
  1.5773216e-01
  5.3600498e-02
  5.9532946e-01
 -4.8867488e-01
  6.1547691e-01
 -2.1834549e-01
  3.7714139e-01
 -8.5648650e-01
  3.1093383e-01
 -4.2755115e-01
 -2.5386276e-04
 -8.5428303e-01
 -1.0580704e-01
  5.9062528e-04
 -1.8733181e-04
  8.7826890e-01
 -1.0011792e+00
 -4.0964848e-01
 -8.0080157e-05
 -2.0792158e+00
  2.0895310e-01
 -3.9208685e-03
 -1.3900414e-04
 -1.5403819e+00
  2.7100234e+00
  2.5871790e-03
 -3.7761103e-05
  1.7307488e+00
 -1.4883341e+00
 -2.3651879e-01
  3.7295838e-05
 -5.8750380e-02
  2.9972797e-02
 -1.2221054e+00
  3.5236506e-05
 -1.1749117e+00
 -1.0083220e+00
 -1.9073485e-01
 -2.4925870e-01
 -6.6817296e-01
  5.1064444e-01
 -2.0141190e-01
  2.5915986e-01
 -3.2116523e-01
 -7.0748109e-01
 -1.3629685e-01
 -7.9544943e-06
 -4.1000253e-01
 -1.2118467e+00
 -2.4475028e-01
  7.3896656e-05
 -3.9819685e-01
  3.3088982e+00
 -1.8051215e-01
  1.9066133e-01
 -6.2828875e-01
  8.8871449e-01
 -2.6365211e+00
 -4.7373623e-01
 -2.0908658e-01
 -1.4288967e+00
  7.0016611e-01
  4.3016779e-01
 -1.5080914e-05
  7.8900613e-02
  1.4172872e+00
 -1.4413746e-04
 -1.2529854e-01
  9.7145408e-01
  2.4679814e-01
  2.1323495e-04
 -1.5361668e-01
 -1.7194827e-01
 -4.6879542e-01
  9.1046587e-02
  3.8753286e-02
 -1.2278643e+00
  5.1477647e-01
 -1.3370537e-02
  1.1871846e+00
  1.2324541e-02
 -6.3693166e-02
 -2.4402387e-01
  5.0873601e-01
  1.0692639e+00
 -6.3897431e-05
 -1.0003655e-04
 -9.4965398e-01
 -4.1299939e-01
 -8.5565351e-02
 -1.4884821e-05
  9.5764035e-01
  8.5793519e-01
 -4.9275580e-01
 -6.5412414e-01
 -2.2766247e-01
  4.2173588e-01
 -7.5105019e-02
  2.6185343e-01
  4.2719495e-01
 -9.4714200e-01
  3.1523529e-04
 -1.0316833e+00
  1.4624382e+00
 -7.8738606e-01
  9.6257454e-01
  9.9491201e-02
 -7.4725771e-01
  2.9223081e-02
 -4.8228049e-01
 -9.8080330e-02
 -6.7772043e-01
 -8.4139995e-02
  4.6331778e-02
 -2.4376239e-01
  4.9241550e-02
  4.9241550e-02
  4.9241550e-02
  4.9241550e-02
  4.9241550e-02
  4.9241550e-02
  4.9241550e-02
  4.9241550e-02
  4.9241550e-02
  2.6117289e-01
  2.6117289e-01
  2.6117289e-01
  2.6117289e-01
  2.6117289e-01
  2.6117289e-01
  2.6117289e-01
  2.6117289e-01
  2.6117289e-01
  1.0075897e-01
  1.0075897e-01
  1.0075897e-01
  1.0075897e-01
  1.0075897e-01
  1.0075897e-01
  1.0075897e-01
  1.0075897e-01
  1.0075897e-01
  5.0584823e-02
  5.0584823e-02
  5.0584823e-02
  5.0584823e-02
  5.0584823e-02
  5.0584823e-02
  5.0584823e-02
  5.0584823e-02
  5.0584823e-02
  1.5388709e-02
  1.5388709e-02
  1.5388709e-02
  1.5388709e-02
  1.5388709e-02
  1.5388709e-02
  1.5388709e-02
  1.5388709e-02
  1.5388709e-02
  1.2035234e-01
  1.2035234e-01
  1.2035234e-01
  1.2035234e-01
  1.2035234e-01
  1.2035234e-01
  1.2035234e-01
  1.2035234e-01
  1.2035234e-01
