nep4 2 O Ga 
cutoff 6 4 103 34
n_max 8 8
basis_size 8 8
l_max 4 2 0
ANN 50 0
 -2.2616332e-02
 -1.8143480e-01
  4.9447780e-04
  7.2260469e-01
 -7.4894708e-01
 -1.3737111e+00
 -5.1261440e-02
  9.5524621e-01
 -6.5445322e-01
 -1.0463942e-01
  9.3778841e-02
  1.2937516e-03
 -3.4416437e-01
  1.7725240e-04
 -1.4626856e-01
  1.2031034e-01
  7.0661925e-02
  7.5379528e-02
  5.6796183e-05
  7.4323565e-02
  2.2242355e-01
  1.7041844e-01
  3.1370267e-01
  1.0054515e-01
  2.8367697e-03
  2.6770854e-01
  3.1208277e-02
 -2.2119655e-01
  6.7745150e-06
  2.4169257e-01
  5.4755342e-06
  7.0628165e-03
 -2.1695698e-06
  3.2438666e-01
 -3.1512632e-04
 -1.2284888e-01
  8.7466360e-05
 -3.9467552e-05
  3.7180219e-04
 -5.6299870e-03
  1.0930766e-05
  4.1500998e-01
  4.3783623e-01
  9.2236735e-07
 -2.6664678e-02
 -8.4332787e-05
  1.3432121e-01
  2.6311545e-04
 -2.7385722e-05
  8.0734848e-05
  4.3454797e-06
  1.6893217e-03
 -9.7614742e-04
  3.3648652e-05
  2.2693214e-04
  1.5887880e+00
  2.8595905e-05
  3.9174238e-01
 -6.4417470e-01
  6.6977668e-01
 -2.8401068e-03
  1.8172968e-03
 -3.3768240e-01
  5.2639487e-05
 -3.9154245e-05
 -2.4783862e-05
 -4.7012454e-05
  2.1983487e-06
 -3.5779015e-04
 -6.0645784e-06
 -1.9791392e-05
 -2.7831598e-05
  1.5062428e-04
  2.7277551e-04
 -1.0641946e-05
  1.6476691e-04
  5.5619155e-05
 -8.3451005e-06
  7.3256699e-04
  3.6544054e-06
  1.1506200e-05
  4.7728405e-05
  3.2993854e-04
 -1.6551388e-04
 -2.2570034e-04
  1.2307880e-04
  1.2085437e-04
  3.5619589e-05
 -6.5153267e-06
  1.4430478e-03
  1.6316133e-04
  4.8776757e-05
  2.6900446e-04
 -3.7388734e-05
  2.2954021e-04
  7.6059216e-05
  2.3162537e-04
 -5.9618411e-05
  6.9872657e-04
 -3.2015640e-05
  1.0547297e-04
 -2.3143843e-05
  2.0107673e-04
  5.6938210e-05
  1.2286597e-04
  2.6050557e-05
 -3.1232245e-05
 -7.4481162e-05
 -1.4955046e-05
 -1.3826911e-01
 -5.1458837e-03
 -5.3049662e-05
  7.4733473e-02
  3.0455783e-02
  5.6331651e-04
 -1.9855998e-02
 -4.0765903e-05
  7.3642555e-06
  1.0907473e-05
  1.8183788e-04
 -3.1957624e-03
  7.6981545e-05
 -1.2709002e-05
  5.0251099e-04
  6.7155910e-05
  7.6401798e-04
  1.1114588e-05
 -4.7640522e-05
  9.6146621e-05
  5.0595927e-06
  5.9317652e-05
  5.6993100e-03
  1.7143153e-02
  1.0949607e-01
  2.9730043e-04
  1.2595924e-04
 -2.0480540e-04
  5.1856146e-04
  4.6266126e-05
  2.5651994e-05
  1.1110384e-04
 -2.3185576e-05
  3.5411700e-05
 -8.7308727e-05
 -1.8623601e-05
  3.0722560e-05
  1.2856876e-04
  2.7710487e-06
 -1.0996244e-05
  1.9789151e-04
  5.3234003e-04
  1.4311551e-04
  4.9790036e-05
  4.6704587e-05
  2.3490196e-04
  4.2912848e-06
  3.3960769e-05
  1.5611411e-05
 -6.8226022e-05
  2.2938699e-03
 -2.6651227e-04
 -1.7420642e-04
 -1.4059423e-05
 -7.9621679e-01
  8.1224472e-04
  9.5271134e-05
 -6.9021909e-05
  2.9015145e-01
 -6.0386195e-05
  5.6253129e-04
 -3.1910856e-06
 -1.7377481e-05
  1.8676564e-04
  5.1674295e-05
 -1.8183014e-04
  1.5030656e-06
  1.1633579e-05
  5.8054058e-05
  4.1347608e-05
 -1.5560752e-05
  2.0396689e-04
  1.8006536e-05
  1.4296308e-04
  2.5876598e-05
 -2.8114839e-04
  2.0344534e-04
 -6.2807703e-05
  4.8740035e-06
  1.0810846e-06
 -4.5799887e-05
 -1.4207885e-04
  5.3467847e-05
  4.0522140e-05
 -3.2685261e-07
 -5.0953331e-05
  3.0227684e-05
 -5.0559582e-05
  3.8862851e-04
  3.9714567e-05
 -1.2884657e-04
 -1.1238307e-04
 -2.9874731e-05
  8.5206513e-05
  5.4845004e-06
  1.2253632e-04
  3.2874068e-05
 -2.5530675e-04
  2.0845677e-05
  7.6663027e-06
 -9.4946445e-05
  3.9143244e-05
  5.9077152e-05
 -2.7710554e-04
 -6.4470878e-05
  1.1296163e-05
  5.4245720e-05
  3.2045396e-06
 -4.0064707e-02
 -6.3901957e-06
  3.3221957e-05
  1.3855284e-01
  1.4451051e-01
 -4.3865962e-06
  6.4836626e-05
  2.7042307e-04
 -1.6852186e-04
  1.9648633e-05
 -2.6632008e-06
 -1.2221013e-04
 -4.6356257e-05
  7.1045197e-06
 -6.3613523e-05
  1.1196927e-05
  1.1414657e-04
  2.0221263e-04
  1.2883163e-05
  1.0206702e-06
  1.5993246e-04
  9.8244345e-05
  2.4016909e-04
 -1.5672421e-04
  5.5778028e-06
 -1.1201486e-04
 -4.7568326e-05
  2.4576682e-05
  5.2003976e-05
 -3.8912491e-05
 -4.7862315e-05
  7.4560885e-05
 -9.2011061e-05
 -2.4748809e-07
  2.1108977e-05
  3.9643302e-05
 -1.7549103e-04
 -4.1567495e-05
  1.6176369e-05
  8.1915212e-05
  3.3191164e-04
  1.3015517e-04
 -5.8300302e-06
  1.1272421e-05
 -2.1948885e-05
  1.5494945e-04
  1.6040443e-05
  9.1830196e-05
 -1.3549750e-04
  2.3332571e-04
  9.4422582e-04
 -9.3055360e-06
  1.5012166e-04
 -1.5954014e-04
  4.5333807e-05
 -6.8199947e-06
  6.3389103e-05
 -2.4508199e-06
 -1.2742436e-05
 -1.2317099e-04
 -4.4849999e-06
  2.7929511e-05
  3.8377125e-06
  3.0815616e-04
 -2.4467485e-05
  1.6314870e-04
  7.1403479e-06
  2.9991866e-06
 -3.1843603e-05
 -3.6424619e-05
  1.2041321e-04
  8.3943873e-05
 -3.2200674e-06
  4.4039043e-05
  1.1148479e-04
 -4.7322301e-05
 -6.0895069e-05
  6.1744744e-05
 -1.2006981e-04
  1.2991810e-04
 -6.1454324e-05
  1.3712238e-04
  2.2722680e-04
  1.4593906e-04
 -5.7664020e-06
  3.0628272e-04
  5.0215142e-05
  9.3337047e-05
 -4.8895137e-05
  7.3544616e-05
 -4.7745125e-05
 -1.8599571e-04
 -4.5884162e-06
  7.7993376e-05
 -8.8016764e-05
  1.1464120e-04
 -5.1063998e-05
 -4.1886793e-05
 -1.2631614e-05
 -5.7581485e-05
 -1.5224488e-05
  1.3974380e-04
 -1.7172478e-04
 -2.7809801e-05
  4.7411591e-05
  5.1264382e-05
  7.8700599e-05
 -6.1481798e-01
  6.0057706e-01
  1.2383476e-01
  7.6878332e-02
  4.0027849e-02
  9.0959847e-01
 -1.0344034e-01
 -6.9616914e-01
  8.8548750e-02
  1.0977511e-03
  3.8365848e-05
 -4.9892886e-05
  3.6015820e-03
 -3.4090376e-03
  4.6716038e-02
 -1.3038223e-03
 -1.4834373e-02
 -1.0399533e-02
 -5.7074249e-05
 -3.4881137e-05
 -1.3390316e-05
 -1.3384467e-04
 -7.5344295e-05
  7.9887293e-05
 -1.5083495e-02
  1.7354743e-05
 -3.4269512e-02
 -8.9713030e-06
  5.5275564e-03
 -1.1156567e-02
  6.9975576e-05
  1.6328059e-06
  7.2872761e-04
 -3.4293275e-02
  5.3468847e-07
  4.1350515e-05
  4.4175693e-05
  5.3593245e-05
  5.7279995e-06
  1.2965710e-03
  5.0312876e-05
 -6.5943290e-04
 -1.6219188e-04
  3.4357130e-04
 -1.5591446e-04
  6.2938532e-05
 -1.2621917e-04
 -3.4613768e-05
 -2.8615201e-05
 -7.4345844e-05
 -5.4447900e-04
 -2.4365776e-04
 -6.0348837e-05
  4.9741004e-05
  2.4953872e-04
 -2.2431847e-02
  3.1107978e-05
  1.1126594e-04
  1.2614641e-01
  2.8136541e-05
  9.0358597e-05
 -6.4130894e-05
  4.4949229e-06
  8.3478291e-05
  7.2603434e-06
 -3.5641999e-05
 -5.5529570e-05
 -1.2557351e-05
 -5.5686232e-05
 -3.7619779e-05
 -1.5490825e-04
  5.2651154e-05
 -5.1456267e-05
 -6.8163215e-05
 -3.2273303e-05
 -1.4721515e-04
  8.3816318e-05
 -3.6581190e-05
  4.1039180e-04
  4.0636463e-05
  7.2386691e-05
  1.2590438e-06
  3.7741356e-05
  6.2837025e-05
  6.4539786e-06
 -1.2607037e-04
 -2.1141033e-05
  1.4474513e-05
 -1.6628276e-04
  1.7581722e-05
  5.0825663e-05
 -3.7834780e-05
  1.2944835e-04
 -4.9234834e-05
 -1.6192113e-04
 -2.0805901e-05
  1.0773409e-04
 -1.0101981e-04
  2.9166657e-04
  7.9855839e-05
  2.4917573e-04
 -3.2451622e-05
  5.2301533e-05
  4.1244788e-05
 -1.2065846e-04
  1.3288339e-04
  1.3987708e-05
  7.5074677e-05
  2.5007915e-04
 -1.3562910e-04
  1.3051527e-04
  7.5137257e-05
 -2.0667958e-05
  1.6976119e-05
  9.0430942e-05
  1.5920130e-04
 -4.4715530e-06
 -1.3126498e-04
  2.3727624e-05
 -2.2518027e-05
  7.4163901e-05
  4.2755262e-05
  7.0800666e-06
  8.4937587e-05
 -5.5636829e-05
 -1.2709251e-05
  7.8740150e-06
 -1.1936811e-05
  8.3010978e-05
 -5.9755389e-06
  3.2966203e-05
 -8.6239976e-05
  1.5939343e-04
  1.9263445e-05
  8.3770334e-05
 -1.1909702e-04
  1.2313529e-07
 -5.3324393e-06
  9.1763422e-06
 -8.3796593e-05
  1.9857051e-05
 -1.8523635e-05
 -6.5691704e-05
 -3.5661160e-05
  8.1586491e-05
  2.7677891e-04
 -9.1853708e-06
  8.5813015e-05
 -5.5488996e-05
 -3.0859694e-05
 -6.9684538e-05
  8.9339563e-05
  4.0148556e-05
 -2.7389691e-05
  4.8574053e-05
  2.6805181e-05
  5.0772098e-05
 -3.1845848e-04
 -1.1284760e-05
 -5.5358349e-05
 -4.4048598e-04
 -1.3894973e-05
 -3.4347904e-05
  9.6800868e-05
  1.5852724e-05
  2.5393010e-06
  1.1997001e-04
 -3.8151069e-05
  1.2492918e-04
  9.5366977e-06
  7.6700744e-05
  1.7269925e-04
 -4.1616859e-04
  2.6197304e-04
 -4.2302403e-05
 -1.3504463e-04
 -1.7480843e-05
  2.0324760e-05
  4.1339208e-05
 -6.5582615e-05
  2.9597888e-04
 -9.5588133e-05
 -4.4822060e-05
  6.0819066e-06
 -1.3268989e-05
 -1.9109752e-05
 -4.8682592e-05
  3.7367688e-05
 -2.4904308e-05
 -2.0467069e-06
 -1.1028774e-04
 -2.8631210e-05
  6.9267240e-05
 -3.9503034e-04
  2.7073784e-05
 -2.9957466e-05
  5.4582466e-05
 -1.4342345e-07
 -5.7200134e-05
 -1.9019013e-05
 -7.5322961e-05
  5.0256887e-05
  1.0495437e-04
 -4.1579566e-05
  1.0980739e-05
 -7.5971075e-05
  4.3341446e-05
 -6.0499865e-01
 -5.5321616e-06
 -2.6010499e-05
 -1.1497713e-04
  4.1653057e-05
 -1.1574318e-04
 -5.1772335e-05
 -7.5445299e-05
  6.9965259e-05
 -2.5858363e-02
 -2.0149510e-01
 -9.3926144e-01
 -7.8732462e-04
  9.3752600e-02
  4.7379810e-01
  2.1638542e-01
 -1.4072303e-01
 -8.0544436e-01
  9.5711526e-05
 -1.0324697e-05
 -1.1554521e-05
  2.2808623e-05
  2.0696354e-01
 -1.8082045e-02
  1.6233758e+00
  9.5137216e-02
 -2.1179512e-04
 -3.7086440e-05
 -4.9433747e-05
 -1.5152468e-06
 -2.8851791e-04
 -4.5750283e-02
 -5.9972116e-04
  9.1038138e-01
  5.1312127e-05
 -6.6974360e-05
 -7.5630471e-02
 -1.4831850e-03
 -2.6768172e-05
 -1.3016787e-03
 -6.7831163e-05
 -1.9821361e-02
  6.8384546e-01
 -4.4115506e-05
 -9.2556521e-02
 -4.1130267e-04
 -2.5411378e-04
 -6.3041211e-05
 -1.5081728e-03
  2.5416646e-04
 -5.9661495e-05
  3.9495904e-02
 -2.0228702e-04
 -7.9733424e-02
  1.5466577e-04
  8.8379988e-05
  1.7308163e-07
  3.6033780e-05
  2.0051203e-04
 -1.4318142e-06
  7.7867204e-01
 -1.0129163e-04
  9.9018274e-05
  3.3884386e-05
  7.5941934e-05
 -6.4482287e-05
  6.3746978e-05
  2.9768433e-05
  2.7068520e-05
  1.3281417e-04
  1.3583608e-04
  1.0183566e-04
  1.4962937e-04
  3.6929403e-05
 -3.1614898e-05
 -9.0225927e-05
 -5.5508895e-05
 -1.4662893e-05
  1.5577851e-06
 -3.9389051e-05
 -2.8812350e-05
 -9.8583805e-06
 -9.9040437e-05
  9.0023277e-05
 -2.4840803e-04
 -8.8608198e-05
  1.1130328e-04
  5.6378403e-06
  2.1957055e-04
 -3.8091152e-05
 -2.8841630e-05
 -4.0512974e-04
 -1.8412662e-05
  4.0808845e-05
 -1.4624372e-06
 -1.1896944e-06
 -3.0586518e-05
 -1.7630991e-05
  1.3051732e-06
 -5.3099109e-05
  2.2915678e-05
  2.5244457e-05
  6.4501405e-06
  7.9969323e-05
 -4.0289084e-05
  2.6601578e-05
  5.3778695e-05
  2.2851709e-05
 -6.6065593e-05
 -3.0166548e-05
  3.9245802e-05
 -5.5906869e-05
 -9.4432879e-05
  1.8114557e-05
  5.6271987e-05
 -3.7500016e-05
 -6.7283772e-06
 -8.0659862e-05
 -2.2085716e-05
 -1.2449485e-05
  6.5952278e-05
  6.3479315e-06
 -2.1921682e-05
  1.5320385e-06
  7.2090719e-05
  3.8034577e-05
  5.5686753e-05
 -1.1203205e-05
 -7.0176269e-05
  4.6197424e-04
 -7.4363543e-06
  5.7390458e-05
  1.3452960e-05
 -2.0123170e-04
  5.9715711e-07
  3.8255723e-05
 -1.9484969e-05
  4.2736599e-05
 -2.6173291e-06
 -4.9876613e-05
 -5.2358973e-05
  4.7274221e-05
  6.9431117e-05
 -2.8906175e-05
  4.0155577e-05
 -1.0788509e-04
 -8.8876786e-06
 -3.7396600e-05
 -1.0497349e-05
 -7.7318742e-05
 -8.6176158e-05
  3.0363268e-05
 -8.0068326e-05
 -9.1061214e-05
 -3.1746525e-04
  3.6598826e-07
  1.5371459e-04
  2.6404292e-05
  2.3146661e-04
 -9.3326516e-06
 -5.6485287e-06
  1.1846898e-04
 -6.6479702e-06
 -3.0141578e-06
 -2.7263013e-05
  4.5787310e-05
  1.6296241e-05
 -2.9358858e-05
 -3.7084708e-05
 -1.5265894e-05
  9.7068420e-05
  2.0412242e-01
 -1.6739896e-01
  4.9304947e-01
 -1.6161661e+00
 -6.3024426e-01
  1.5075692e+00
  6.2206298e-01
  3.9258406e-01
  1.5472379e+00
  1.3614812e-02
 -3.0551446e-04
 -7.7086885e-04
  1.3738638e-01
 -3.1018785e-01
  8.0355042e-01
  9.8568827e-02
 -9.8447740e-02
  1.0182694e+00
 -5.3916192e-01
  3.9260014e-04
 -1.6715253e-02
  2.6258871e-02
 -5.2255231e-01
  4.3763438e-01
  1.3859074e-01
  1.4444438e-01
  2.9622003e-01
 -3.5004583e-01
  5.2827654e-05
  6.8577967e-05
  2.4082603e-04
 -4.0539966e-05
  4.1941509e-01
  1.6355716e-01
  1.3533464e-01
  1.5651910e-01
  2.3672768e-05
 -1.2006836e-04
  1.7279455e-01
  2.8891265e-01
  8.0677986e-02
  4.6049610e-01
  1.3339731e-04
 -2.3983896e-05
 -6.4238913e-05
  2.8771185e-05
 -3.7090991e-05
  5.7291254e-07
  2.4547341e-04
  8.0746104e-05
  8.0323181e-05
  8.5788144e-04
  3.6356509e-05
  7.6660135e-06
  1.4328547e-05
  1.4529077e-04
 -8.1969360e-05
 -1.0826524e-05
 -2.9670437e-05
  3.4841498e-05
 -6.4185348e-05
  2.7977088e-05
 -3.8391474e-05
 -5.4078202e-05
 -1.2318738e-05
 -1.3404223e-06
 -1.0834549e-05
 -7.7681922e-05
  4.3580087e-05
  4.8015641e-05
  1.1354145e-05
  5.2775559e-04
  5.8721249e-05
 -3.9663919e-05
 -1.5945261e-05
  2.0953468e-05
 -1.3791735e-04
  7.5471515e-05
  2.8897969e-06
 -1.8127864e-04
  2.0588550e-05
  3.8364185e-05
 -1.4676007e-05
  8.5443207e-07
 -4.7656406e-05
 -5.4763612e-05
 -1.3907842e-04
  4.0408366e-05
 -8.2873841e-05
 -8.7571003e-05
  6.7057845e-05
 -2.6893106e-04
  8.6017040e-05
 -1.9361066e-04
 -1.3418149e-04
  1.5975397e-04
 -1.0831067e-05
  2.0135971e-05
 -1.0543162e-04
 -4.5436758e-05
  4.7437527e-05
 -1.7229886e-05
 -6.2969077e-05
  8.1018434e-06
  1.0199419e-04
 -3.4770444e-05
  2.8846280e-05
  1.3318069e-04
 -1.8190767e-05
 -2.8323540e-05
 -1.9806749e-04
  4.6109988e-05
  1.9251318e-04
  5.0392911e-05
  9.4282215e-05
  8.1082790e-06
 -1.7059590e-04
  4.1828185e-05
 -9.9311997e-05
  3.8778529e-05
 -2.0532444e-04
  6.0567613e-06
 -1.2651701e-04
 -2.0750760e-04
 -1.6336608e-05
  5.4796019e-05
 -1.9490450e-04
 -1.1216260e-04
 -2.4830866e-05
  1.0517665e-06
  3.5295288e-05
  2.9058672e-05
 -2.8833188e-05
  5.0141698e-05
 -4.9212773e-05
 -1.2364588e-05
 -6.0592560e-05
 -1.9109868e-04
  1.2725640e-04
 -6.0960796e-05
 -2.5599178e-05
 -5.3391726e-05
  1.6792318e-04
  1.6486301e-04
  1.0625722e-04
 -5.1194162e-05
 -8.4753461e-05
  3.4085140e-05
 -1.9201862e-04
 -2.3466058e-05
  5.4561553e-07
  3.4565790e-05
  3.8774619e-05
  1.2352814e-04
  2.5874655e-05
  1.0165197e-04
  7.7992372e-06
  9.0747002e-05
 -2.1509180e-07
 -6.4903790e-05
 -2.4918918e-05
 -4.1545678e-05
 -1.7084001e-04
  8.4351932e-06
  6.4184715e-04
 -1.7698103e-04
  9.3359908e-05
 -1.9690951e-05
  9.5564370e-05
 -3.1599608e-05
  3.4891662e-05
  5.4680545e-06
 -5.0617604e-05
  1.2707443e-04
  9.8101273e-06
 -4.7630700e-05
  1.0722091e-04
  8.5047970e-05
 -1.4390550e-05
  8.1132886e-05
 -9.7540833e-05
 -1.0708844e-04
 -4.8759674e-05
  1.1719182e-05
 -1.9047535e-05
 -2.7641234e-05
  5.0101582e-05
  5.4576776e-05
 -9.4295130e-05
  3.4759589e-05
  4.8043454e-05
 -2.9582196e-05
  3.8573427e-05
  3.4876644e-05
 -2.0052012e-05
 -6.2837607e-05
 -3.5492343e-05
 -6.0542566e-06
 -4.2066218e-05
  2.7605673e-04
 -9.2171031e-05
  1.0149561e-04
  1.9289055e-04
 -7.8457007e-05
 -3.1269268e-05
  6.9090925e-06
 -6.1980143e-05
 -7.6979450e-06
 -3.3484814e-06
  1.4163152e-06
 -3.8800186e-05
  6.6658919e-05
  7.9148136e-05
 -1.9787473e-04
  3.0915999e-05
 -6.2088286e-05
 -3.2218595e-05
  1.3733135e-05
  3.6455032e-05
  4.1385021e-05
 -9.1000067e-05
  4.0713875e-04
  4.7046164e-05
 -5.0846493e-06
  2.8654835e-05
 -1.0232931e-04
 -9.3733534e-06
 -1.9685306e-04
  1.4148127e-04
 -1.2621587e-05
  2.8861523e-05
 -1.2283606e-04
  2.0345474e-04
  1.2402241e-05
 -3.9612085e-05
  2.8383150e-05
  9.4798823e-05
  1.7393197e-04
  1.7405828e-05
  1.9313838e-05
 -1.7335126e-04
 -1.5407494e-04
 -4.5463046e-05
 -1.1415127e-04
 -4.3368986e-05
  1.0718467e-05
  1.4870188e-05
 -1.1461475e-04
 -6.4270025e-05
  1.5251560e-04
  7.5645788e-05
  1.2051905e-05
 -1.0593243e-04
 -7.5535478e-05
 -1.0692472e-04
  8.6436470e-05
 -1.6375071e-04
  9.7035831e-05
  6.8705600e-07
  1.2345630e-04
 -2.2414769e-04
  6.3045722e-05
 -2.5831663e-05
 -1.5622292e-04
 -1.6703417e-04
 -1.1276827e-04
  4.2682663e-05
 -7.7985846e-05
 -3.0708983e-05
  1.1344074e-04
  1.4875154e-04
 -6.7031746e-05
 -6.8435671e-05
 -2.0663989e-04
 -1.6836111e-02
 -8.3635496e-05
 -6.2250379e-05
  1.3039535e-05
  3.4190358e-05
 -3.7602957e-05
 -4.6640630e-06
  1.4089211e-04
 -9.3466784e-05
  1.6487282e-04
  2.2180495e-05
  4.6346810e-05
 -6.2318897e-05
 -1.1456373e-04
 -4.5439967e-05
  6.8874491e-05
  4.5895094e-06
  4.1092211e-05
 -2.2259515e-05
 -5.7593697e-06
 -1.1062543e-05
 -3.6023161e-05
  6.0264949e-05
 -2.1614336e-05
 -7.8651276e-05
  1.2262686e-05
  1.7142891e-04
  2.6384503e-05
 -5.4741195e-05
  7.2597817e-05
  3.4384200e-05
 -6.2606341e-05
 -7.1149370e-06
 -7.2185074e-05
  1.3847972e-04
 -1.8687686e-05
 -8.4432868e-05
  4.2453146e-05
  7.5472795e-05
 -2.0545251e-04
  3.0602296e-05
  3.1162935e-04
 -3.9830367e-05
 -1.5702379e-04
 -1.5059158e-05
  4.9850991e-05
 -2.0318944e-04
  7.6694480e-05
  7.7161560e-05
  1.2084116e-05
  5.7412341e-05
  2.6297474e-05
 -4.3152020e-05
  2.1210994e-05
  9.9988923e-05
 -2.2957713e-06
  7.4346382e-05
  3.6900898e-04
  7.8264929e-05
  1.4732401e-04
  2.0023969e-04
  6.0832572e-05
 -3.3485347e-05
  1.9917674e-05
  1.8780095e-04
 -1.4855168e-04
  6.4387757e-05
  3.3742803e-05
  5.6195662e-05
 -1.0138453e-04
  4.1734515e-05
 -9.5530566e-05
  1.0653138e-04
  5.0944942e-05
  1.1346993e-04
  9.7914912e-05
 -1.9804707e-04
  9.4553056e-05
 -8.3916020e-05
 -2.0805386e-05
 -1.3932203e-04
  1.9801833e-04
  2.7901240e-05
  9.0891459e-05
 -8.1647686e-06
 -8.7322464e-05
 -2.3965995e-05
 -1.1986069e-04
 -9.2484355e-05
  1.1932354e-05
 -5.2438761e-05
 -6.9163565e-05
 -2.7723050e-05
  8.1461421e-06
  3.0329055e-04
  1.2120967e-04
 -2.0395340e-05
  1.9839904e-04
  1.3259210e-04
  5.5681721e-07
 -4.3554392e-05
  8.6444570e-06
  5.1788074e-06
 -1.1601110e-04
  1.5987329e+00
 -2.6713836e-01
  5.8441716e-01
 -7.8951046e-02
  1.6696513e-01
  6.4587533e-01
 -3.5148197e-01
 -2.6693995e-05
 -3.3808538e-01
 -5.8852434e-05
  4.3617941e-02
  6.1579762e-05
 -3.1799929e-05
 -1.4399382e-01
  7.2844192e-02
  3.2167616e-01
  1.2983334e-04
  7.1394771e-01
 -1.5781927e-05
  6.8429857e-05
  3.5592914e-06
  5.9672683e-03
  6.5833432e-05
  4.4266477e-02
  4.0368065e-03
  2.3406493e-02
  6.0718611e-02
 -3.2547284e-02
 -6.4743272e-06
 -5.9338585e-05
 -3.5546520e-05
 -4.9247406e-06
 -7.7332668e-05
  1.5291929e-01
  6.0129102e-04
  2.1395780e-01
  1.4240909e-04
  2.9735895e-05
  4.8581438e-04
  5.1109871e-04
  3.8848812e-05
  1.0619744e-02
  2.5375164e-04
 -1.0632254e-04
 -2.1898331e-05
  1.1794385e-04
  7.9050915e-05
  1.1804543e-04
 -1.8901685e-04
  2.3738752e-04
  3.7379848e-04
  1.3683751e-04
  3.5949543e-06
  5.0011793e-05
 -1.1764161e-01
  1.7205847e-02
  4.1917142e-01
 -9.7101763e-02
 -6.4431138e-02
  2.8770667e-04
 -3.7204793e-01
 -2.9329606e-04
  1.1831459e+00
  1.0169055e-03
  3.3379858e-04
  3.6441772e-05
 -3.0612184e-05
 -1.8258113e-05
 -6.6672073e-04
 -1.3321184e-04
 -3.7254347e-03
 -2.5194655e-05
  2.4138021e-01
  6.0260736e-05
  1.8475929e-02
  6.6877640e-04
  1.2136341e-01
 -6.2749503e-05
 -1.2041565e+00
 -1.0930650e-05
  7.2175346e-05
  6.3161468e-07
  1.2099537e-04
  1.1612837e-05
  1.1032336e-05
 -7.8061421e-05
  2.2001374e-05
 -1.9574161e-01
 -1.2000359e-04
  3.9954939e-05
  7.9369603e-04
  7.3656607e-05
  7.8822435e-05
 -2.9609508e-05
 -1.6559465e-02
 -4.8869410e-05
 -2.5045729e-04
  5.1972020e-05
  1.8964733e-04
 -3.0320454e-05
 -8.0543621e-05
  5.4375618e-05
  6.6380519e-05
 -1.2823775e-04
 -1.1433998e-04
 -1.8775804e-01
  1.4042437e-04
 -1.4754214e-05
  1.3587140e-05
  3.5399855e-05
  6.7286281e-05
 -7.9788369e-05
  1.2947521e-04
 -5.6323759e-05
 -1.8167670e-05
  1.3548179e-04
 -4.6359986e-05
  4.7729569e-05
  1.0515063e-04
 -1.6994997e-04
  5.8651109e-05
 -7.4218806e-05
  2.6083475e-05
 -5.6339624e-05
  2.5946745e-05
  3.6178728e-05
  5.1880292e-05
 -6.4690845e-05
 -1.3241303e-04
 -9.4292918e-05
 -4.1381536e-05
  2.8302578e-05
  1.3011502e-04
  6.8515517e-05
 -5.7953377e-05
  4.0249458e-07
  1.1275950e-05
 -1.2198801e-04
 -5.8867838e-05
  1.4022265e-04
 -6.1861479e-05
  9.3419294e-06
 -8.2745413e-05
  9.3026327e-05
 -1.0302466e-04
  1.5720657e-06
 -1.3167078e-04
 -1.9851702e-04
  1.4920049e-05
 -3.5090352e-06
 -7.4315867e-05
 -9.6806456e-05
  1.0095122e-05
 -1.8160241e-05
 -4.0737279e-05
 -1.1092194e-04
 -5.6439976e-06
 -1.2628770e-04
  2.4541936e-04
 -6.9461894e-05
  8.3831350e-05
  1.4410491e-04
 -1.7981300e-05
  1.3018791e-04
  2.3775590e-05
  5.3630938e-05
  1.7282665e-04
  2.3775205e-05
 -1.7958741e-04
 -5.5380773e-05
  1.5103731e-05
  2.5119463e-05
 -1.9626247e-04
 -5.6821842e-05
  2.7651578e-04
  2.2764839e-01
 -8.4781786e-05
 -1.1741552e-04
 -7.9325873e-06
 -9.9747849e-06
 -9.9210658e-05
 -9.0712696e-05
 -1.2636858e-04
 -1.1196458e-05
 -1.1482937e-04
  7.0338749e-05
  2.3270992e-05
  2.8410662e-04
  7.1634236e-06
  4.4985445e-05
 -6.2018153e-06
 -2.2249546e-05
  1.0723964e-04
  1.5570979e-04
  6.8522982e-05
  7.4766642e-05
 -1.4306549e-05
  3.0241359e-04
 -2.4658173e-05
  2.6670821e-05
  3.3178963e-05
 -1.2643628e-04
 -9.9232559e-05
  5.6189223e-05
 -1.6196996e-04
 -7.3958440e-06
 -5.6777390e-05
  3.6164023e-05
 -8.2453153e-05
 -3.9082133e-05
 -1.8975258e-04
 -7.3139222e-06
  6.1938634e-05
 -9.4298281e-05
 -8.7945482e-06
 -3.4024438e-04
  9.0576315e-01
  9.3131268e-01
 -1.0541743e+00
 -6.2733106e-02
 -1.9836777e-01
  3.9757192e-01
 -8.4985666e-02
  7.3891068e-01
 -1.6813742e+00
 -6.4372448e-03
  1.0583354e-04
 -8.7996197e-01
 -3.9160708e-01
 -1.7043906e-01
  1.0924213e-01
  2.6547443e-04
  1.0505906e+00
 -4.6389681e-01
 -2.9561499e-01
  6.4173080e-05
  1.0217816e+00
  5.9925701e-04
 -1.1687036e+00
  1.9732608e-04
 -7.4102467e-01
  1.4209941e-02
 -4.4922410e-03
 -8.3910060e-01
 -1.9290378e-02
  7.3840278e-03
  9.2655852e-02
 -2.0557669e-01
  5.2288515e-06
  6.6640818e-01
  3.7112444e-05
 -8.8307649e-01
 -2.0449442e-01
  1.5354363e-04
 -6.1540835e-02
 -3.0842996e-01
  7.4535434e-05
  6.9655973e-01
  5.7415276e-05
 -2.2151940e-05
  7.3087846e-05
  1.2613120e-04
  1.2891578e-04
 -1.4952311e-05
  1.1246260e-04
 -1.0027022e-05
 -2.1125008e-05
  2.7757157e-02
  8.9705376e-05
  2.4367142e-05
 -7.2559375e-01
  7.1248126e-01
 -8.8253725e-01
  5.9993867e-02
 -6.5131499e-03
  2.4921186e-01
  7.6583099e-01
  3.7167326e-01
 -1.0031421e+00
  1.7374222e-01
 -6.4745468e-01
  1.6443622e-01
  5.3911090e-02
 -2.3300982e-01
  8.9386567e-02
 -8.9199430e-01
  1.5962170e+00
 -1.3838128e+00
  1.2416868e-02
 -4.4857609e-01
  1.3973323e-01
  6.9026548e-01
 -1.5511798e+00
 -5.9566504e-01
 -4.4963405e-01
  2.4699319e-05
 -1.5697851e-03
 -4.1954449e-04
 -1.2323050e+00
 -1.4717082e+00
  4.8030409e-01
 -1.0742470e+00
 -3.4076861e-01
 -1.3668981e+00
 -8.1289152e-04
 -1.5716627e-01
 -4.3337101e-01
  1.2264936e-01
 -2.5829369e-01
  4.9598377e-02
 -4.6400630e-01
 -4.3265611e-01
 -1.0448047e+00
  1.0775616e-03
 -2.8069887e-01
 -3.2596374e-03
 -1.7044054e-01
 -7.3563111e-05
 -2.5553719e-04
 -7.6693410e-05
 -1.8492107e-04
 -3.0779397e-01
 -9.5673862e-08
 -9.1552251e-04
  1.1575774e-04
  4.8006405e-05
  8.8798835e-05
 -1.1982343e-05
  2.7953209e-05
 -2.3267423e-04
 -9.6952885e-05
 -2.8481716e-05
  1.5436753e-04
  4.5436547e-05
  4.5824610e-05
  1.9127395e-04
  2.6030673e-05
 -9.1491551e-05
 -3.4481909e-05
  4.3679245e-07
 -1.8065424e-05
 -4.7082826e-06
  4.0118615e-05
  6.2375089e-05
 -5.4386313e-05
  6.7028843e-05
  2.8815761e-05
 -7.1255265e-05
 -4.4277264e-04
  8.0787671e-05
  8.9234336e-06
 -2.0596235e-04
 -1.8327170e-05
 -9.3868803e-05
  2.4925157e-05
 -7.7936835e-05
  6.9368129e-05
  2.1952369e-06
 -1.2207766e-04
 -1.2023034e-04
 -2.8181757e-05
  7.2679439e-05
 -2.4936072e-04
  9.7453985e-06
 -4.7107209e-05
 -9.2570554e-06
  1.0437321e-04
  1.0900448e-04
 -1.3265722e-04
  9.8490193e-05
 -5.1121417e-05
  1.7437786e-04
 -1.0290537e-04
 -6.0371049e-06
 -1.1584537e-04
 -3.4132852e-05
  1.6226953e-04
  1.6028822e-05
  3.2355276e-01
 -1.1535598e+00
 -1.3446771e+00
  6.7681119e-02
  3.6341587e-01
  4.3372226e-01
  4.4707510e-01
  1.2507417e+00
 -5.6684500e-01
 -7.0041358e-05
 -1.1498534e-01
 -2.7736594e-04
 -8.3128892e-02
  1.5477532e-01
  8.7154222e-01
 -4.4121486e-01
  2.7738351e-03
 -5.2811225e-05
  4.2678563e-05
  1.4193250e-04
 -2.7044156e-05
  8.5412666e-02
 -1.3568752e+00
  2.1478141e-02
  4.4164696e-01
  2.5115616e-03
 -3.1320120e-05
 -5.4326868e-01
 -4.7492985e-02
  4.2823583e-02
 -1.0096906e-01
 -3.6144214e-05
 -4.8176571e-05
  5.3570712e-01
  2.9254178e-04
 -9.8273167e-06
 -2.2504864e-05
 -2.3183582e-05
 -5.2159048e-05
 -3.0600111e-04
 -2.8668488e-05
  2.0226253e-04
  9.2932821e-04
  2.8374368e-06
 -1.2926183e-05
 -4.2175649e-05
  1.9187172e-04
  7.3933268e-05
  3.8843014e-04
 -3.2481817e-05
  3.7252132e-04
  9.8481905e-03
 -2.4500021e-04
  2.5967700e-05
 -5.5831951e-01
 -5.9282893e-01
  2.2032192e+00
  2.3418972e-01
  2.3188190e-01
 -2.1653621e-01
 -3.7110889e-01
 -5.5186087e-01
  1.2579765e+00
 -6.8433888e-02
 -3.9647386e-04
  5.6833649e-01
  9.5507222e-01
 -4.3927628e-01
 -4.0326856e-02
 -3.1958675e-01
 -3.8848469e-01
  1.6403989e+00
  2.3892626e-02
  3.2082301e-01
  4.7128391e-01
  3.6799538e-01
  1.8227726e-01
 -6.9792222e-05
  4.8545355e-01
 -5.4908162e-01
  1.0150114e+00
  9.5844209e-01
  7.7241844e-01
  3.4672546e-01
  1.7402920e-01
  8.2395637e-01
  1.4663772e-01
  2.4753675e-01
 -1.7350608e-04
  4.3213284e-01
  1.1625996e+00
 -1.1938696e-02
  4.6281952e-01
  3.6250431e-02
  1.7646991e-01
 -1.1975572e+00
  1.4836036e-01
 -1.8968099e-01
  4.7355306e-01
  1.1678984e-01
 -5.3152502e-02
 -1.3813317e-01
 -5.3598046e-02
 -4.4665527e-01
 -9.1832643e-03
 -1.0313543e-01
 -4.6755900e-05
  1.2868366e-01
 -5.8248825e-04
 -1.8655533e+00
  6.3105279e-01
 -9.0901530e-01
  4.6060857e-01
 -8.3808564e-02
  6.6581649e-01
 -2.7312151e-01
  6.7928022e-01
  6.3624151e-02
 -1.3111117e-04
  6.7304961e-02
  1.1436132e-01
  9.5046140e-02
  7.5697577e-01
  3.2820317e-01
  6.3142899e-05
 -1.2818884e-04
 -2.6950162e-05
 -8.6912170e-02
 -9.7910059e-05
 -7.6870252e-05
  1.0866996e-02
 -3.8742460e-02
  3.6753973e-01
 -8.8381297e-05
 -2.4957236e-02
 -2.5033069e-04
 -3.0559430e-01
  9.8819947e-03
  1.8790668e-01
  3.3419326e-02
 -3.5851568e-03
 -1.8503299e-02
 -2.9081668e-04
 -1.2860787e-02
 -3.0871346e-05
  4.9355058e-05
  1.8913117e-05
  1.6270097e-01
 -1.3489420e-04
  1.5714286e-05
 -1.2980328e-03
  3.0090538e-04
  7.4697164e-05
 -1.1672067e-03
 -6.6085334e-04
  6.3442094e-05
  3.5228615e-05
 -3.0178413e-05
 -6.8813017e-05
 -3.9813432e-04
  8.0464029e-05
 -1.5684517e-04
  8.2473030e-05
  5.1784704e-05
 -2.5540084e-04
 -2.5419827e-04
 -1.7927294e-05
  1.2525267e-04
  1.0189175e-04
 -3.1165931e-05
 -7.0505535e-05
 -1.1163939e-04
 -4.1272542e-05
 -2.2504151e-05
 -5.2910058e-05
 -2.0116138e-04
  3.2192569e-05
 -4.3371634e-05
  2.3222403e-05
 -1.8309729e-04
 -2.5509648e-06
 -7.8055411e-05
  9.5310214e-05
 -1.1866500e-04
  1.2563705e-04
  1.1872406e-06
 -4.2441916e-05
 -3.0246336e-04
 -2.8516615e-05
  3.7674716e-04
 -4.9028564e-05
  3.0991583e-04
  2.7608441e-05
 -5.1568491e-05
  5.9549795e-05
 -1.5429746e-04
  3.8159265e-05
 -1.1216636e-04
 -6.6518332e-05
 -1.1823457e-04
 -5.1283378e-06
  1.6441407e-05
 -7.2365598e-05
 -1.2307122e-04
  9.6328704e-06
  9.9732548e-05
 -5.2489464e-05
 -2.1052819e-04
 -1.4253533e-04
 -2.0467943e-04
 -2.6013184e-05
  9.2170136e-05
 -1.2407072e-04
 -2.7903926e-04
 -2.7167596e-04
 -5.4812666e-05
  4.6805955e-05
  4.0364161e-05
  4.7496153e-05
 -3.0621115e-05
 -2.7953003e-05
  5.7678004e-05
  7.2403120e-05
 -8.9238965e-05
 -2.4712790e-04
  1.1907137e-04
 -2.5735979e-05
 -5.3968015e-05
  3.1316740e-04
 -1.2608568e-04
  3.5683988e-05
 -6.0070197e-05
  2.7305212e-05
 -4.6804311e-05
 -2.0352838e-05
 -1.0008411e-04
  2.2240743e-04
  1.3299832e-04
 -3.6788559e-05
 -1.3049081e-05
 -4.8526632e-05
  3.6519858e-05
  1.5621644e-04
 -7.9954953e-06
  5.0660266e-05
 -8.4069041e-05
 -8.6089050e-05
  2.7597374e-05
  9.8675635e-05
  1.7986968e-05
 -1.3592334e-04
  1.3342376e-05
 -4.6609313e-04
 -6.4298583e-05
 -4.7047950e-05
 -3.1166172e-05
 -2.5679634e-05
  1.4396234e-04
  3.6317630e-05
  6.9977905e-05
 -7.0442893e-06
  1.8154806e-05
 -3.0614563e-05
 -3.9895065e-05
  4.6385780e-05
 -1.1277320e-04
  2.6005559e-04
  7.9152509e-05
  4.2051357e-05
  3.5980265e-05
 -7.2776900e-05
 -5.0675808e-06
  3.8859460e-05
  9.6523800e-05
  2.1887843e-05
  6.5963715e-05
 -6.2855463e-05
 -9.0069851e-05
  8.2371807e-06
  5.2995351e-06
 -1.1010059e-04
 -3.1771582e-05
  4.8584941e-05
 -8.7438566e-06
  2.0474214e-07
 -1.4802632e-04
 -9.2671755e-05
  3.3149769e-05
 -6.2193649e-05
  1.1922391e-04
 -3.4988734e-05
 -6.6375855e-05
 -1.3647291e-04
  7.4319320e-07
  7.6195785e-05
 -1.4627945e-04
  1.2951897e-04
  2.3888439e-05
 -1.5186443e-04
  4.3920114e-05
 -1.4173116e-05
  1.7822027e-05
  1.5454949e-04
  3.3056891e-05
 -7.0846916e-05
 -2.3298595e-05
  1.4636376e-04
 -5.9763772e-07
  1.8785430e-04
  1.6753056e-05
  5.2615369e-06
  1.3466000e-04
 -3.9199236e-05
 -1.9078140e-04
  9.2656619e-06
  4.6495294e-05
 -1.2169049e-05
  2.0654763e-05
  3.6377238e-05
  2.2096987e-05
  4.8735779e-05
 -8.7542685e-05
 -8.1212791e-05
  1.7506877e-04
 -4.4316024e-05
 -2.0732675e-01
 -1.5537739e-04
  1.7878036e-06
  6.6567864e-03
  1.8193992e-04
  3.6364248e-01
 -1.2949116e-04
  1.0866870e-04
  8.3291906e-07
  3.5181034e-05
  4.9052589e-05
 -2.1383143e-04
  7.5403099e-05
  3.9176080e-06
  6.9662674e-05
 -1.4995895e-05
  5.5014654e-05
  7.3868182e-06
  3.6246092e-05
  3.0123017e-05
  1.7681397e-05
 -6.4836706e-05
 -6.1702951e-05
  2.9714429e-04
  2.3361044e-04
 -2.9817360e-05
  1.1046639e-04
  5.3446238e-06
  6.4791564e-04
  3.5746323e-06
  5.1482708e-05
 -2.4835006e-05
 -7.3921051e-06
  5.5232675e-05
 -9.6823213e-05
  4.6158319e-05
  3.4680425e-06
  2.9961206e-05
  6.8798572e-06
 -7.7757293e-05
  1.2480405e-04
 -4.2842210e-05
 -4.2698535e-05
 -7.8152734e-05
 -1.8960969e-05
 -2.5440137e-05
 -1.0795923e-04
  1.0347051e-04
  1.3068367e-05
  5.6307879e-05
  3.5748875e-05
 -5.4697179e-05
 -1.3991367e-05
 -1.7251670e-05
  3.0336389e-04
  6.1553925e-05
 -3.7548180e-05
  1.0965980e-04
 -6.4669184e-05
 -1.9814928e-05
 -1.2361071e-04
 -5.3630676e-05
  1.7395701e-05
  6.1282203e-06
 -5.1469346e-05
 -2.5788563e-06
  5.6404293e-05
 -1.2405947e-04
  1.5931751e-05
  1.0819573e-04
 -6.0972302e-06
 -5.4705473e-05
 -6.9214322e-05
 -9.9378092e-05
  2.7520588e-04
 -4.9275430e-05
 -8.4582796e-05
 -1.2436286e-04
 -6.5550841e-05
  2.3091427e-05
  1.3710061e-04
  7.9789337e-05
  4.0114654e-05
  9.9472119e-05
 -6.3400199e-05
  7.7993653e-05
 -6.3254418e-05
  5.3373105e-06
 -1.5899776e-04
  4.2764110e-05
 -3.2665565e-05
  2.4026525e-04
  9.1151480e-05
 -6.7967529e-05
 -4.8598563e-06
  4.7619601e-06
  4.8944792e-05
 -5.5809160e-05
  7.9133475e-05
 -5.1913219e-05
 -2.4250578e-05
  2.9035503e-04
  1.5562454e-06
  6.4585431e-05
 -1.0574603e-04
 -3.0438689e-05
 -1.8631054e-04
 -7.8900193e-06
  1.3161565e-05
  7.1306633e-05
 -3.4559394e-05
 -4.0612573e-05
  4.1216961e-05
  2.5452723e-04
 -4.2825209e-06
  5.3623975e-05
 -2.4229083e-04
 -1.2070666e-05
 -2.0740724e-04
  8.3136647e-06
  2.1181715e-04
  2.0799807e-05
  4.5691180e-05
  6.0702852e-05
 -2.9958072e-05
  7.2700059e-05
  6.3991333e-06
 -9.2179025e-06
  6.6205750e-05
 -4.1257892e-05
 -2.3491675e-05
  4.8500176e-05
  1.5859770e-07
  4.2753320e-05
 -6.1936727e-05
 -7.0443792e-05
 -2.3295061e-05
 -9.9204866e-05
 -1.4807210e-05
  9.4559728e-05
 -3.4549998e-05
  2.1196700e-04
  1.0096847e-04
  1.3866134e-04
 -3.0076512e-04
 -1.3335016e-04
  1.1356810e-05
 -3.1640407e-04
  7.7119912e-05
 -1.1925852e-05
 -7.1459297e-05
 -1.6637999e-04
 -1.9962561e-05
 -1.1108469e-04
  9.7769218e-05
  8.5854472e-06
  1.0107482e-04
 -1.0334302e-05
  1.8298607e-04
 -7.7213750e-05
  6.5481590e-06
  1.1038186e-01
 -6.1165005e-01
 -7.8457771e-03
  6.8501788e-01
  9.4905481e-02
  5.7567781e-01
 -2.1343878e-01
  1.0541054e+00
 -2.0506307e-01
 -6.5424420e-02
  2.0677592e-04
 -8.2833350e-01
 -6.0595495e-01
 -1.8411876e-01
 -4.5197634e-03
 -5.3657245e-02
  4.9102521e-03
 -9.6654661e-02
  4.1343779e-03
  1.4933445e-05
 -3.9101220e-04
 -7.8019742e-03
 -3.9838031e-02
  5.2808908e-05
  7.0299492e-03
  2.1355867e-04
  1.2809855e-01
 -3.9230549e-01
 -7.7841207e-02
  3.8215316e-05
 -4.0483636e-01
 -7.1769737e-02
 -1.4008512e-01
 -4.0407851e-01
  2.4772051e-04
 -7.8816831e-01
 -9.0551592e-02
 -2.4151346e-05
 -4.3881701e-05
 -2.5646983e-02
 -1.1021387e-04
  1.3904504e-01
 -1.8982124e-05
 -1.0276360e-04
  2.6465100e-03
  4.0482933e-05
  5.0228351e-04
 -4.7456677e-05
  4.6933535e-04
 -2.6362357e-05
 -2.7939093e-05
  3.0082065e-04
 -1.8347199e-04
 -1.5504911e-04
 -6.4910993e-02
 -6.2124348e-01
 -2.4387550e-02
  2.6652983e-01
  5.8187181e-01
  1.0911176e+00
  3.1974909e-01
 -2.1537071e-05
  1.9658786e-01
  1.7742152e-05
 -9.6319445e-06
  5.5821751e-05
 -6.3368566e-06
 -9.0784182e-05
  2.0658123e-04
 -2.3342080e-02
 -3.0636525e-05
  2.4053333e-02
 -1.3559146e-05
  1.7009059e-04
  4.2556044e-06
  1.6924880e-04
 -1.9535748e-04
  4.7375672e-04
  1.7358845e-03
  2.0905046e-03
 -5.2900377e-06
  4.8842237e-05
 -4.8362549e-06
  2.1652227e-04
 -2.0077483e-04
  1.3551250e-05
  5.5944129e-05
  2.0698616e-01
  8.3058010e-05
  3.9114346e-04
  4.6113004e-05
 -1.1689981e-04
  9.3635303e-05
 -1.1637644e-04
 -1.5238475e-06
  5.5411633e-04
  3.1639927e-04
 -2.8981533e-05
  7.5586555e-05
 -8.3923536e-05
  9.3963515e-04
  2.0373569e-05
  4.1784474e-04
  4.2006141e-05
  1.0055423e-04
  2.8063465e-05
 -3.3148379e-05
 -7.4679891e-05
  6.3330604e-05
 -8.9560963e-05
 -1.6775905e-04
  2.9739225e-05
  8.8299377e-05
 -1.7866072e-04
 -2.4380881e-04
  1.1928211e-04
  1.0304023e-04
  3.8881200e-05
 -3.9049238e-04
 -4.2844383e-04
 -1.2643602e-04
 -1.0186039e-06
  2.0935526e-05
  2.3441065e-05
  1.5428818e-04
 -8.8382767e-05
 -6.5028922e-05
 -1.2354368e-04
 -5.3404519e-06
  3.1159958e-05
  1.2857631e-04
 -6.9164096e-05
  2.5924810e-04
  5.2230898e-06
 -3.2135089e-05
 -1.5336154e-04
  8.0952550e-06
 -4.0054270e-05
 -1.6180557e-04
  2.1192414e-05
 -9.8871853e-05
  7.1665432e-05
  9.0912814e-05
  1.9821899e-05
 -3.0861620e-04
  4.3704102e-05
 -1.1144455e-04
 -3.0596493e-05
 -4.6665784e-05
  2.2519758e-05
  7.9677426e-05
  7.5148004e-05
  2.1986323e-05
  1.3649270e-04
  1.0703767e-04
 -4.4127028e-05
 -1.7424896e-05
 -3.2682019e-05
  5.8094753e-05
 -3.7756074e-06
 -1.0105520e-04
 -3.7752274e-05
 -2.8166420e+00
 -1.1934228e+00
  3.0298836e+00
  2.7077553e+00
  1.1000582e+00
  1.5283520e+00
 -2.0272745e-01
  1.0746869e+00
 -4.1395095e-01
  4.6786878e-01
  4.8597878e-01
 -6.1612409e-01
 -1.8913234e-02
 -4.2424336e-01
 -3.2023069e-01
 -2.3715606e-01
  4.7143742e-01
 -9.8994011e-01
 -2.3855430e-01
 -1.0837251e-05
 -1.2227038e+00
 -1.8755975e-01
 -1.8070084e-01
  1.5014981e-01
 -1.1788000e-01
  7.5656819e-05
  1.3983791e-01
 -6.7078125e-01
 -1.5537669e-03
 -5.1959725e-03
 -3.0444255e-01
 -1.5977490e+00
  2.6063502e+00
 -2.8662665e-02
 -1.9103146e-04
 -6.4752007e-01
 -8.0856633e-01
  1.8837783e-02
 -1.2578346e-01
  5.3261602e-01
 -3.4659731e-01
 -6.5505272e-01
 -6.5206029e-03
  1.8398871e-01
 -7.8123406e-02
  2.0103830e-04
  2.0370384e-01
  1.4990350e-04
  1.3651576e-02
  1.7526908e-01
 -2.7116472e-05
  8.6796187e-02
 -2.2862782e-04
 -2.2342838e-05
 -4.0378436e-05
  6.0121991e-05
  1.1009234e-04
  1.1675757e-05
  8.2994658e-05
 -2.4511397e-04
 -4.2159092e-05
  1.3502306e-04
 -3.5729518e-05
 -8.8073029e-05
 -7.6904427e-05
 -7.3827570e-05
 -3.0429826e-05
 -1.6797252e-04
 -1.7193042e-05
 -2.2819298e-05
  1.0879962e-04
 -6.9042062e-07
  1.4220086e-04
 -9.6488278e-05
 -2.0891759e-05
  4.3287760e-06
  1.0835213e-04
  9.9191624e-05
  6.8473450e-06
  2.8006354e-04
  4.8305556e-06
  2.1940985e-05
 -1.2374921e-05
  6.6306209e-05
  1.0760059e-04
  4.9087066e-05
 -1.4423856e-06
  1.8582947e-04
  1.8999954e-05
  1.9624343e-04
 -1.8460420e-05
  2.6500106e-04
  1.0654653e-04
  1.8922355e-04
  1.4186782e-05
  5.4966004e-05
  1.3019751e-04
 -5.9875638e-05
 -3.1059133e-06
 -1.3139150e-04
  8.7278249e-06
 -5.4286036e-05
  2.3720949e-04
  1.8303466e-05
 -4.3824707e-06
 -1.1831241e-04
 -8.4026462e-05
  9.6881791e-05
 -9.0065609e-05
  8.3258565e-05
  4.5523997e-05
  4.2899901e-05
 -5.9739877e-03
  4.7421863e-06
 -6.6197208e-05
 -2.1406015e-05
  1.1342192e-04
  8.6359403e-05
 -4.0827185e-04
 -1.9435860e-05
  6.3633335e-05
 -4.7786493e-06
 -1.4780680e-04
 -1.9433701e-05
 -3.2623466e-05
  9.9317287e-05
  7.2505668e-06
  4.8683200e-05
  1.7043067e-05
 -4.7904919e-05
 -1.0873244e-06
  2.3529721e-05
 -8.7376604e-05
 -1.0002665e-04
 -1.4364293e-04
 -5.1674637e-05
 -8.3782406e-06
  1.7580813e-05
  7.3374358e-06
 -2.2064743e-04
  3.4455363e-05
  1.7622746e-04
  1.3564518e-04
 -3.4708032e-04
 -1.4304936e-05
 -6.9028706e-06
 -2.8412507e-05
 -8.1721024e-05
  1.7872557e-05
  7.6690267e-05
  9.3408373e-05
 -1.1681112e-05
  1.5575517e-04
 -1.3371793e-04
  8.9767942e-05
 -7.4791729e-05
 -1.3527811e-05
 -5.2527623e-05
 -2.8910569e-04
 -2.9870926e-05
  3.8969600e-05
 -2.2758632e-04
  3.3962885e-01
  6.3530058e-01
  8.1008025e-02
  1.0321456e-01
  4.0689769e-01
 -1.5402600e-01
  7.9338372e-01
 -2.1140799e-01
 -1.2554873e+00
  3.7123886e-04
  7.3638636e-05
  1.6681761e-04
  1.2757382e-05
 -7.9052488e-04
  8.1119615e-01
  2.1071247e-04
 -1.1167609e-01
 -3.0106799e-05
 -2.2989020e-01
 -9.9105870e-05
 -6.7148641e-05
 -2.0029939e-04
  8.7928631e-05
  1.1632618e-04
 -6.2003790e-04
 -2.3694900e-04
 -7.1220235e-03
  4.4799820e-02
 -1.3022333e-04
  6.9377667e-05
  5.8878519e-02
 -7.6292265e-05
  3.8193434e-04
 -5.4939887e-06
  6.8175636e-05
 -7.5274634e-06
 -2.6174466e-04
 -5.5957303e-06
  3.3174969e-05
  2.1309538e-03
  1.4316889e-04
 -7.5720913e-05
 -7.7642770e-05
  5.6066023e-05
  3.7976378e-04
  1.8072040e-04
  1.6781276e-05
  2.8733319e-05
  6.8038207e-05
 -6.8822417e-05
 -4.6106862e-04
 -2.2966506e-05
  3.9504710e-05
 -1.6168524e-05
 -2.6076457e-01
 -5.6719780e-01
  4.5724273e-02
  5.9973460e-01
  4.5358065e-01
  2.8297427e-01
 -6.8161383e-02
  3.6994249e-01
  5.8813956e-02
  1.5127154e-02
  2.8027996e-02
 -2.6075630e-02
 -4.6056718e-02
 -3.7545729e-02
  4.8052889e-04
  5.0547016e-01
  8.1092864e-02
  3.2347972e-03
  8.3187260e-02
  3.5431661e-02
  6.7491256e-02
  9.4802503e-04
  1.4057208e-04
  1.7829582e-01
 -2.2019862e-05
  1.0822766e-01
  6.8767363e-04
 -1.6303801e-04
 -2.0251487e-04
  1.4196856e-01
 -1.0742589e-04
  3.0707088e-04
  1.7776639e-04
  3.7696046e-01
  2.7847511e-04
  1.7692763e-02
 -1.1159664e-04
 -2.9824495e-02
  5.8715499e-04
 -1.0370822e-02
  1.2307135e-04
  6.0837138e-01
  1.1547021e-01
 -1.5393538e-04
  5.0896235e-02
  1.2514820e-04
  1.5490057e-01
 -2.5445277e-05
 -3.1438343e-05
  7.4005911e-05
 -3.4948778e-05
  1.3305659e-02
  2.6020129e-05
  7.2228031e-05
 -7.6638637e-05
  4.4025088e-05
  3.8871603e-06
 -1.6821934e-05
 -2.2292401e-04
  4.3619693e-05
 -1.5787859e-04
  7.5234180e-05
 -8.3443221e-05
 -3.6973397e-05
 -2.3774634e-05
  9.9715602e-05
  1.7128707e-05
  5.9470509e-05
 -1.3854429e-05
 -2.9242921e-04
  7.5407879e-05
  8.1890765e-05
 -4.4863073e-06
  8.3385799e-05
  1.6554233e-05
  1.3792982e-04
  1.4981173e-04
  1.0797171e-04
 -5.0023580e-05
 -5.9695547e-05
  3.3509084e-05
  1.5136367e-04
 -3.6376703e-05
  7.2211944e-05
 -3.8435614e-05
  1.5793275e-04
 -2.6349813e-05
  3.7611760e-05
 -2.7084810e-05
 -8.5177686e-05
 -8.2710030e-05
  2.5803156e-05
 -5.7318332e-05
 -4.9592352e-05
  1.3829142e-04
 -5.7451154e-05
 -2.8636014e-05
  5.6783818e-05
  1.9385103e-05
 -3.5354049e-05
 -4.3252507e-07
  1.3545918e-05
  2.1747170e-05
  3.8790040e-05
  7.3949959e-05
 -7.2245002e-06
 -5.2319861e-05
 -4.2106902e-05
  4.8334146e-01
 -3.7642673e-01
  1.2852979e+00
 -8.8848292e-06
 -3.4154203e-02
 -2.1965144e+00
 -4.0954089e-01
 -3.3780079e-02
  2.3677503e-01
  2.0997091e-01
 -2.3704053e-04
 -8.0956683e-02
  1.4367146e+00
 -3.7922835e-01
 -3.1408812e-03
  6.4698291e-01
  1.3681477e-01
 -3.8394862e-01
 -5.1203510e-04
 -2.6353085e-02
 -1.0883113e+00
  3.5824007e-01
  1.4269085e+00
 -2.7044174e-01
 -9.1937155e-01
 -2.4682400e-01
 -2.6937423e-03
 -1.1241684e+00
 -1.2004564e-01
  3.1469879e-03
  7.8173801e-02
  1.0989361e+00
  2.1092407e-04
  3.6095524e-01
 -1.7889193e-01
  6.2748528e-01
 -2.9572172e-03
 -1.1397328e-04
  1.2648563e-04
  2.1692638e-01
  5.7195731e-02
 -9.7991157e-01
  1.6391379e-05
 -1.2568025e-04
  9.6566021e-02
  2.1241125e-05
 -1.8794026e-02
  1.8193846e-04
  5.1873583e-05
  2.7890416e-04
 -8.0194481e-04
  3.5676814e-05
  5.0086841e-05
  3.0907922e-05
  6.7405716e-05
 -1.2716402e-04
  3.1051604e-05
  2.6282680e-05
 -1.4404416e-04
 -5.6495875e-05
 -2.2951805e-04
  1.6972965e-06
 -9.6473224e-05
 -3.7121099e-06
  2.6360888e-04
 -1.9392332e-04
  3.3502365e-06
  9.4730953e-05
  1.3302530e-04
 -8.6192682e-05
 -4.3426455e-05
  7.6054217e-05
  7.9432830e-05
 -2.4331659e-05
  6.8105937e-06
  1.3921302e-04
 -7.0585898e-05
  2.2955087e-06
 -2.2133769e-05
 -1.5508656e-05
 -9.7893746e-05
 -9.7139651e-05
  2.0762750e-06
  4.1570383e-05
  7.1968112e-05
 -2.4146726e-05
 -4.0306804e-06
 -6.1583833e-06
  1.2808676e-04
  7.3825817e-05
  5.1324762e-04
  9.2428172e-06
  6.4231419e-05
 -4.0992891e-06
 -2.0783078e-05
 -1.3020681e-04
 -5.7669033e-05
 -3.3379580e-05
 -1.6215003e-04
  7.8682251e-06
 -5.8738038e-05
  1.1968288e-05
  4.4922926e-05
  7.7037388e-05
  2.2328850e-05
  1.5384825e-05
  3.8368071e-05
 -3.5663841e-05
  3.3067685e-05
 -1.8282659e-01
  5.5695573e-06
 -7.7077120e-06
  1.6642492e-01
 -3.2725631e-05
 -2.7752490e-04
 -2.9704140e-06
  6.5349054e-06
 -1.9162367e-04
  2.9558578e-05
 -1.5765756e-05
  1.7549351e-05
  9.0609046e-06
  6.0404204e-06
 -9.0850830e-05
 -1.0581817e-04
  2.4374964e-04
 -6.1340754e-05
 -9.2801296e-05
 -3.4786517e-05
 -1.3708507e-04
 -8.7335291e-05
  2.8820348e-04
  1.8498551e-03
  1.8880624e-04
  1.7431026e-04
 -3.0970811e-03
 -1.1398529e-04
  5.8806949e-05
 -1.1306656e-04
  2.7860189e-04
 -3.9720915e-05
 -1.0155161e-05
 -5.3047926e-05
 -6.6200868e-05
  3.6545742e-05
  4.9183112e-05
  4.9469809e-06
 -2.9383802e-05
 -3.7887548e-05
  1.2250882e-04
  1.0541039e-04
  1.0073218e-04
 -1.0536727e-05
  4.9177303e-05
  1.2227629e-04
  1.0852398e-04
 -3.4193854e-05
  2.2395203e-04
  1.6997370e-05
 -2.3339626e-05
  1.1386702e-04
 -3.8018658e-05
  5.0401963e-05
 -2.5612742e-01
 -6.6241331e-02
  3.8450557e-01
 -1.0918846e+00
  2.9758480e-01
  5.2361810e-01
  2.1984138e+00
 -4.8894751e-01
 -1.1389444e-04
 -1.3161500e-04
 -1.4873135e-03
 -4.7386087e-02
  1.6105221e-05
 -4.2745134e-05
 -2.4393028e-01
 -1.7515046e-04
 -1.3618922e-02
 -4.5811579e-01
  9.3648314e-06
 -3.9526362e-02
 -2.7123186e-01
 -5.6631923e-02
 -2.1715325e-04
  3.3816531e-01
 -1.1475496e-05
 -7.6603913e-03
  1.4919681e-05
 -1.9427663e-01
  8.1004328e-06
 -1.3147321e-04
 -2.9271121e-05
 -2.9143277e-01
 -3.3006414e-05
  2.2169595e-04
 -7.3222362e-02
 -3.9173511e-01
 -7.9884274e-05
 -9.0778172e-02
 -5.0259914e-02
 -9.1900222e-02
  3.1243937e-04
 -2.3653593e-04
  1.6009616e-04
 -6.5649666e-02
  7.2668881e-06
  2.7221726e-04
 -4.8410970e-05
  3.2485934e-04
  3.9210099e-06
  1.4258789e-04
  2.0978618e-03
  1.8604954e-04
  4.2922107e-05
 -7.6795928e-05
  7.6070122e-05
 -1.1484198e-04
  2.5473585e-04
  2.8099264e-05
 -6.0148908e-05
  2.5945175e-05
 -7.7737983e-05
 -7.6942451e-05
  1.0544180e-05
 -7.8772762e-05
 -2.9382654e-04
  1.6297420e-04
 -9.3877115e-06
  7.8062425e-05
 -3.0616706e-05
  3.3667075e-05
 -3.9097347e-05
  7.7754819e-05
  6.9843212e-05
  4.9615512e-05
  8.3175437e-06
  4.3220061e-05
  1.3116514e-04
 -9.3198832e-06
 -4.8419311e-05
  2.4336876e-05
 -2.7944217e-05
  3.3657656e-05
  1.0515350e-04
  9.3441500e-05
  2.4859994e-05
 -9.4074931e-06
  1.0791160e-04
 -8.3284620e-05
 -6.2291096e-05
 -1.7658243e-04
 -1.6790225e-04
 -1.2784322e-04
  1.2212009e-05
 -3.2991797e-05
 -1.5078517e-05
 -4.7730304e-05
  5.0478216e-06
  2.7745139e-04
  8.3631649e-06
  4.5231695e-06
 -1.2510025e-04
  3.7015507e-05
  1.7481187e-05
 -3.1078464e-04
 -3.6388431e-06
 -3.4630683e-04
 -9.6376803e-05
 -1.0100728e+00
 -6.9945359e-01
  1.4897494e-05
  6.3130188e-01
  3.6531840e-06
  1.9513210e-04
  6.4472103e-01
  1.0969086e-04
 -1.9975309e-05
  3.5515353e-05
  6.6064231e-02
  1.0006565e-04
 -4.1436929e-06
 -2.1171472e+00
  1.1504768e-05
 -1.6270991e-04
 -4.3126063e-05
 -1.0223064e-05
  7.2076393e-05
  4.0155814e-05
 -7.6066422e-01
 -1.4263941e-01
 -8.6994907e-05
  5.5801076e-05
 -4.5582262e-01
 -1.2579492e+00
  2.9001016e-05
 -4.5806617e-01
  3.8056344e-01
 -2.7955669e-01
  5.2417843e-05
 -1.4733554e-04
  1.5961850e-05
  1.4241516e-04
 -2.0238240e-05
  5.7228121e-05
  8.7488621e-02
 -4.0254682e-01
  1.1587387e-06
  1.1247207e+00
  7.9026133e-05
 -2.9417645e-06
 -4.5702986e-02
  6.4449614e-01
 -8.3286257e-05
  1.2730688e+00
 -3.7451541e-06
 -1.4793177e-04
 -3.8343668e-01
 -5.7997026e-05
  1.1762961e+00
  3.2417068e-01
  4.1866881e-01
 -8.4610522e-02
  9.1146484e-02
 -2.0609345e-06
 -7.7229786e-01
  1.6807953e-01
  5.0116661e-05
  2.8193703e-05
  7.8818262e-01
 -1.2423100e-02
 -4.6801113e-05
  6.0064811e-01
  1.2932759e-05
 -3.0047409e-05
 -1.0640767e-02
  1.2307802e-04
  4.1105341e-02
  1.2335028e-04
  3.6875653e-01
 -5.0053525e-01
 -1.7065092e-04
  2.4716344e-04
  5.3648460e-01
 -1.1931859e+00
 -2.0199562e-04
  7.6173502e-01
 -1.9065549e+00
 -6.4682406e-01
  1.7178787e-05
  5.8835903e-05
  4.8141379e-02
  1.4924411e-01
 -4.6535732e-07
  3.8649179e-02
  8.5018069e-01
  3.8400105e-01
 -5.0095572e-05
  1.5847776e+00
 -3.5068839e-05
  1.1826390e-04
 -3.5648289e-01
  8.1934273e-01
  4.0831870e-05
 -6.5806329e-01
 -1.6635741e-03
  1.3805778e-01
  1.2330790e+00
 -4.2392585e-05
 -1.1514719e+00
  5.8426374e-01
  1.3367851e-03
 -8.9960200e-01
 -1.5589690e+00
 -4.5170471e-01
 -2.9087797e-01
  5.7279605e-01
 -5.0420797e-01
 -4.9924073e-03
 -1.4071594e-02
  3.5194716e-05
 -2.4997981e-04
 -2.8453249e-01
 -8.1739970e-05
 -1.0295581e-02
 -1.9988164e-01
 -2.4660736e-02
 -2.7615859e-03
 -2.4342707e-03
  8.6058870e-05
 -2.8971723e-01
 -1.0016547e-03
 -3.0674612e-06
 -9.0546645e-02
  1.0345642e-01
  6.4253941e-04
 -9.7628988e-02
  7.3654301e-06
  1.2837090e-04
  3.2535663e-01
 -1.3120256e-05
  4.9055769e-05
 -1.3150744e-01
  2.0573419e-04
 -4.0959510e-01
 -3.6858823e-04
  5.0360817e-01
 -9.8148579e-05
  3.1641722e-01
  9.2677306e-05
  1.1881178e-04
  1.3218408e-04
 -9.3845487e-02
 -7.1305186e-02
 -5.3798861e-04
  3.0455145e-04
  1.1430714e-04
 -7.6109798e-05
  1.6040554e-04
  1.0265529e-04
 -2.9817712e-04
 -6.7515124e-05
 -3.6054573e-04
 -1.6959577e-05
 -2.1266904e-05
  4.5005404e-06
  1.1179726e-04
  8.2308674e-05
  1.3776355e-04
 -2.5107302e-06
  1.5944918e-04
  5.7122870e-05
  4.1930358e-05
 -4.5831195e-05
 -2.2039354e-04
 -4.9580700e-05
 -9.0319787e-05
  2.2138836e-05
  2.8517988e-04
  3.8398361e-05
 -3.0522849e-04
 -1.3704841e-04
  4.8478629e-05
  7.3061856e-05
  8.7070170e-05
 -5.5708242e-05
  1.0670342e-04
  2.0639660e-05
  1.2639559e-05
 -1.7305081e-05
 -1.0489816e-05
  1.3111479e-04
  1.2676457e-05
  2.3466348e-05
 -3.9586043e-06
  9.3205330e-05
  3.2329859e-05
  8.1750759e-06
  3.3214576e-05
  2.7010925e-05
 -3.0981164e-06
 -7.9270671e-05
  7.6737568e-05
  2.0825950e-05
  8.2360828e-05
 -5.9169430e-05
 -1.0010560e-05
 -2.1717015e-05
 -3.7769703e-05
  1.2328997e-04
 -9.8465025e-05
 -7.7233119e-05
 -1.2716800e-05
 -4.5410612e-05
 -1.9925524e-04
 -6.0698192e-05
 -4.8221445e-05
 -2.5844418e-05
 -1.0236764e-04
  9.1778493e-06
 -2.7362927e-05
  7.2671770e-05
 -1.3695582e-05
 -8.9185287e-06
 -4.8776966e-02
  1.1349222e-05
  1.4804221e-04
 -6.7098001e-05
 -1.3304490e-04
 -1.4008240e-04
 -6.7356427e-06
  1.0396710e-05
 -5.9495807e-05
  5.5948189e-05
  2.1119122e-04
  1.6386331e-04
  2.9771485e-05
 -8.8728630e-05
  1.9713552e-05
  6.0045390e-05
  3.8109461e-05
  8.4053827e-05
 -2.7631861e-04
 -1.5386328e-04
  5.1976230e-07
 -4.1006214e-04
 -1.2155581e-05
  1.6859041e-04
  5.4517182e-06
 -1.4230695e-04
  9.8018201e-05
 -1.6914812e-05
 -8.2860046e-05
 -6.6071712e-05
  1.4477456e-04
  6.8772155e-05
 -1.3442779e-05
  1.7473963e-05
 -1.0783688e-04
  6.3683151e-06
  9.5719064e-05
  4.5693419e-06
  6.5709144e-05
  5.3152275e-05
  1.1892526e-04
  4.0822353e-05
  6.5467124e-05
 -2.6569585e-04
 -1.2108702e-05
  9.9007833e-05
 -2.6501378e-04
  3.7453992e-05
  2.5253650e-04
  2.2821336e-05
  1.3912941e-04
 -3.7692378e-05
 -3.0218231e-05
 -3.5240533e-05
 -4.9378159e-05
  5.5832377e-05
  1.0957360e-05
  7.6983182e-05
 -2.0122117e-05
  8.9073699e-05
 -7.0249931e-05
 -6.4576299e-05
 -6.3288164e-05
  3.6445792e-05
 -4.2384152e-05
 -6.4962063e-05
  3.1291586e-06
  1.6654791e-04
 -1.6679612e-04
  4.9848797e-05
 -3.3893077e-05
 -1.0936987e-04
  5.2864725e-05
 -5.8386078e-05
  1.1585182e-04
 -1.9524663e-04
  6.2162719e-05
 -4.6253212e-05
 -6.7032757e-05
 -3.2839995e-05
  7.1244023e-05
 -2.6423947e-04
 -1.8890013e-04
 -3.6169095e-05
 -3.9990391e-05
  5.9721944e-05
  7.3856754e-05
 -6.6054781e-05
  7.2526986e-05
  9.2877099e-06
  1.7030739e-05
 -1.9454445e-04
  1.9790976e-05
  1.6683349e-04
 -3.3981538e-05
  3.8433311e-05
 -1.9186961e-04
  4.3000564e-06
 -2.1826832e-05
 -2.3653032e-04
  6.4203574e-05
 -3.5998310e-05
  5.7833866e-05
  1.4886406e-05
  5.2489813e-05
 -1.1153403e-04
  2.8919345e-05
  8.1915226e-05
 -7.8507277e-05
  1.0223787e-04
 -7.2362549e-05
 -9.8445926e-05
 -6.5074405e-06
  4.4415236e-05
 -5.7638504e-06
 -7.9148977e-06
 -1.6462538e-05
 -5.8305268e-05
 -4.0942414e-05
 -4.8094236e-05
 -2.7055919e-05
  5.7080972e-05
  2.6335471e-04
  2.9631205e-05
  2.2103992e-05
 -4.8022092e-05
 -1.2048673e-05
 -8.0245645e-06
 -1.0546909e-04
 -8.9348658e-05
 -4.7276575e-05
 -3.5186348e-04
  1.8244353e-04
 -3.1857024e-05
 -4.1033771e-05
 -1.6922870e-04
  7.5536089e-05
 -2.8666147e-05
  5.0139706e-06
 -9.2088791e-05
 -8.3218328e-07
 -1.1626951e-04
  5.1348168e-05
 -7.6797969e-06
  3.7301500e-06
  2.1756045e-05
 -1.9040011e-05
  1.1050511e-05
 -4.6680136e-05
 -2.8169557e-05
 -1.2492284e-05
 -4.0472387e-05
 -1.1855103e-06
  3.6531776e-05
  1.4648038e-04
  2.1060507e-06
  1.4755197e-05
 -1.1155287e-05
 -2.1004936e-04
  1.9403064e-04
 -7.4351861e-05
 -1.4942572e-04
  1.5418103e-04
 -8.9877511e-05
  1.4214384e-05
 -4.3094074e-05
 -1.5837364e-05
  5.6095047e-05
 -5.1118674e-05
  1.3438701e-04
 -3.7178463e-06
  4.6657293e-05
  1.4421576e-05
 -2.3496513e-04
 -8.7194225e-05
 -1.1081416e-04
  9.7378746e-05
  1.4027199e-04
  1.8867506e-05
 -3.6877173e-05
 -2.9487652e-05
  4.6290039e-05
 -1.2044787e-04
 -3.1653464e-05
 -1.0508474e-05
 -1.6497630e-05
  9.8951838e-05
  9.3579865e-06
 -2.6922417e-04
 -1.2955448e-04
 -5.7722646e-05
  4.9385410e-05
 -2.3348069e-04
 -7.1730487e-05
  1.2406611e-04
 -1.1593866e-05
 -4.7234503e-06
  7.0270638e-05
 -1.7835289e-04
 -1.1063039e-04
 -3.3397318e-05
  8.3461433e-05
 -3.4871646e-05
  1.6479135e-05
  3.0397219e-04
  8.3635110e-05
  1.1091207e-04
 -1.0096176e-04
  4.5704190e-05
 -1.9214116e-01
 -1.9083888e-04
 -1.7655284e-05
  2.5784132e-01
  4.6232009e-01
  1.7066604e-04
 -2.6197618e-02
  7.1282119e-02
 -5.1087327e-04
  1.5568321e-02
 -1.7358882e-04
  1.8872011e-05
 -3.3973470e-01
  9.8981916e-05
 -1.1067850e-04
 -2.5839505e-01
 -3.7605751e-02
  1.5692741e-01
  3.9980285e-02
 -2.2483571e-04
 -1.9689239e-06
  9.6325956e-02
  1.0763208e-04
 -2.1075890e-04
  7.8660916e-05
 -1.5134702e-03
 -1.0399626e-05
  9.2984112e-05
  2.7857557e-05
 -1.3129126e-04
 -5.3378511e-03
  3.5205503e-05
 -2.8137008e-05
  8.7902287e-04
 -6.1944891e-05
  1.6599802e-04
 -9.1501606e-05
 -3.2727428e-05
 -5.6882000e-06
 -4.2778097e-06
 -8.5175547e-05
 -2.7599126e-05
  1.0808432e-05
  7.2948518e-05
  4.2278003e-03
  5.7566829e-04
 -1.4006926e-04
 -1.1992625e-04
 -6.0462666e-05
 -1.0889683e-04
  5.8386086e-05
  1.4199542e-04
  1.0502636e-04
  1.0267727e-04
 -4.0629595e-05
  2.9869100e-06
 -1.2835159e-05
  1.5696634e-05
  2.0771697e-05
 -2.8608212e-05
  1.0527529e-04
  5.9351914e-05
 -5.0958661e-05
  5.6711142e-05
 -5.9989079e-06
 -2.7101460e-05
  2.0140845e-04
 -1.0127366e-05
 -8.7932596e-05
  1.4620306e-05
 -1.9940679e-05
 -1.7470735e-05
 -1.4378277e-04
 -6.7958346e-05
  1.8904393e-05
  1.2948991e-04
 -1.8837411e-05
  5.3644453e-06
 -4.8812679e-05
  1.1673640e-05
 -1.5603409e-05
  2.7859031e-05
 -1.1751564e-04
  1.1811911e-05
 -1.7081933e-04
 -3.3999893e-06
  4.6330274e-06
  8.3912892e-05
  8.3022724e-06
  7.3403040e-05
  3.2201351e-05
 -4.5090685e-05
 -1.8409732e-05
 -6.0584884e-05
 -1.1410257e-04
 -9.4464758e-06
  4.3246175e-05
 -3.0695828e-05
 -5.5967328e-05
 -6.9794137e-06
  1.2456208e-05
 -8.0458158e-05
 -8.8008623e-05
  2.3521725e-05
 -1.8865348e-05
  5.5888464e-05
 -4.6496531e-05
  4.9611048e-05
 -3.9264060e-06
  2.8184715e-05
 -3.3805412e-05
 -9.1554957e-06
  3.7800830e-05
 -5.5756507e-05
 -1.1489609e-05
 -1.4242776e-05
 -2.5134123e-04
  8.1633349e-05
 -1.6478492e-05
  5.0039227e-05
 -5.1470593e-06
  1.2631615e-04
  9.6886717e-05
 -6.7275767e-05
  1.7584362e-05
  9.6329284e-05
 -2.8316857e-05
  7.1278584e-05
  4.7756443e-05
  5.3464319e-05
 -2.1897687e-05
  4.8726346e-05
 -6.5551103e-05
  1.4623086e-05
 -1.3206834e-05
 -4.6840243e-05
  6.2871230e-05
  5.4811491e-05
  1.0508957e-04
 -7.6231030e-05
 -3.7135578e-05
  8.8084744e-05
 -2.2946685e-04
  1.0772359e-04
 -6.4864893e-05
  4.0735809e-05
 -1.1553515e-05
  2.3857063e-05
 -9.5829411e-05
 -7.2075251e-05
 -5.2517124e-05
  1.5900419e-04
  3.9800932e-05
  7.9807156e-05
  6.4582433e-05
 -6.9477474e-06
  3.2485532e-05
 -1.1637660e-04
 -1.9536191e-04
  9.5926785e-05
 -6.8079600e-05
 -5.4125449e-05
  3.5064637e-05
 -2.6035847e-09
 -1.1553564e-04
  7.5424308e-05
 -2.3220889e-06
  1.6456959e-05
 -4.3605814e-05
 -3.7782553e-05
  1.1087208e-04
  1.7337337e-05
  9.4944859e-05
  6.6576533e-05
 -2.0986475e-04
  5.5450015e-05
  1.9501747e-05
  2.2836508e-04
  1.0902537e-05
  5.3957642e-06
 -2.4407569e-04
 -7.7662553e-06
 -2.6288220e-05
  1.1994358e-04
 -4.1750092e-05
  1.1067276e-05
  3.0487634e-05
 -5.3679483e-05
  2.7701884e-04
 -4.2190761e-05
  1.2320065e-04
  1.2039129e-05
 -9.4941106e-06
 -9.5690353e-05
 -2.2629890e-06
  3.4305926e-05
 -2.9293793e-05
  1.1738094e-04
  1.4632526e-04
 -8.2632549e-05
 -5.1841722e-05
  1.6289961e-04
  3.2038530e-05
  1.4588534e-04
 -3.0684900e-05
  6.5856926e-05
  5.3778276e-05
  1.5256497e-05
  1.5047919e-05
  2.6566056e-06
 -3.0791154e-04
  1.1059651e-04
 -1.7837744e-04
  6.2625645e-07
  2.6879640e-04
 -8.2520082e-06
 -1.0979456e-03
  2.1198047e-02
  8.7442168e-05
 -2.5578961e-01
 -2.1944908e-02
 -4.6826296e-02
  5.3630840e-02
 -3.5931788e-02
 -6.2058312e-03
 -1.8757679e-02
 -1.7136423e-05
 -2.2318902e-05
  4.7919214e-02
 -4.4736531e-01
  3.9617127e-05
  1.4113443e-03
  2.2711740e-03
 -1.1816971e-05
 -5.5396523e-02
 -6.2758275e-03
  3.9161183e-04
  8.5726626e-02
 -7.0511322e-03
  3.8108334e-05
 -4.4747602e-02
  1.8520497e-02
 -3.8760148e-02
 -5.2214181e-03
 -4.6769641e-05
  5.0526804e-05
  9.6734101e-03
  1.5475289e-05
  1.1661163e-04
 -2.7705300e-01
 -7.3760144e-05
 -4.2142424e-01
 -1.8227141e-04
  6.0744248e-03
  6.3612955e-05
  3.0302734e-03
  4.6291657e-06
  8.2235994e-05
 -1.2727090e-02
 -4.9925828e-01
 -1.1631534e-02
 -4.3653157e-02
  1.4726569e-01
 -1.4570339e-04
 -2.1979613e-02
  3.0974719e-05
  7.2895091e-05
 -1.1844900e-02
  2.3944101e-04
 -6.1136611e-02
  1.0099759e+00
  6.3281067e-02
 -8.5445696e-01
 -1.0408689e+00
 -4.6389970e-01
 -3.2884508e-01
  1.6243637e+00
 -4.2852122e-01
  4.1917989e-01
 -2.8841698e-01
  7.2825305e-02
  1.9991890e-04
  5.0388467e-03
 -2.4175718e-01
 -2.9505869e-05
 -5.2013058e-02
  2.6965910e-01
 -4.3511339e-02
 -4.6610278e-01
  4.2819027e-03
  6.1785868e-05
 -7.8584842e-02
 -3.1835482e-01
 -5.4059015e-04
 -2.7194053e-01
  5.1867718e-01
 -4.3068665e-01
 -4.3813133e-01
 -5.5390406e-02
  3.9211238e-05
 -7.9268414e-01
 -3.3149943e-05
 -8.5375010e-05
 -5.6300569e-02
 -2.3869130e-04
 -1.8674116e-01
 -2.5504240e-01
  1.9314000e-02
  2.0830623e-05
 -6.0044900e-03
 -2.5120538e-05
  9.5311028e-05
 -2.1953733e-06
 -2.7759945e-01
 -3.4758797e-01
 -1.1618903e-01
  1.9340472e-01
  2.2697785e-04
 -9.1214497e-05
  1.6440504e-04
  7.6777687e-05
 -1.2553688e-04
 -1.1913066e-05
 -2.2558348e-02
  4.5950901e-06
  7.8031371e-06
  2.9110879e-05
  3.6215306e-06
 -8.5164202e-06
 -9.6287579e-07
 -2.5277794e-04
  4.2610907e-05
  7.2530961e-06
 -3.2451891e-05
  2.6883546e-04
  4.6006127e-05
 -1.1106091e-04
  9.1714697e-05
 -1.7379125e-04
  2.1675501e-04
  4.3025335e-05
 -1.5242771e-05
 -4.9930746e-05
 -3.2842749e-05
  5.4946191e-05
 -6.0478251e-06
  2.7920727e-05
 -2.5674503e-06
  2.9442632e-05
  6.5394975e-06
  2.0153665e-04
 -3.9866750e-04
  4.0459704e-06
  1.8201089e-04
 -1.5618450e-04
 -1.0746855e-04
 -2.1359567e-04
 -8.1538157e-05
 -4.3342348e-05
 -2.6429227e-05
 -3.3758337e-05
  1.0208879e-04
 -1.3991822e-04
  1.8879239e-04
  6.5707318e-06
 -1.0228771e-04
 -9.5489747e-07
 -1.7337350e-04
  1.1992548e-04
 -1.0659388e-04
  6.6040557e-05
 -8.0549209e-05
 -2.6193096e-05
  6.7964203e-05
 -5.1862298e-05
 -1.4742458e-04
 -1.2106747e-04
 -6.2707266e-05
  7.9771481e-02
 -2.7718398e-01
 -5.1862711e-01
  4.3770820e-01
  4.0846598e-01
  4.3479177e-01
 -4.6731475e-01
 -1.3742524e-01
  9.3713589e-02
  7.8965396e-02
  4.3096715e-01
  8.8497336e-06
  3.3049273e-01
  3.6363319e-01
 -1.9079281e-04
 -6.7382850e-02
 -1.9623923e-01
 -7.4299820e-02
  2.0015825e-01
  1.7815843e-02
 -4.5547708e-06
  1.6003206e-01
  2.1954285e-01
 -5.2378793e-05
  7.9294756e-02
 -1.8646848e-01
 -1.1622433e-01
  6.0135883e-01
  5.5664182e-03
 -2.7631768e-05
 -2.4474022e-01
 -1.1093819e-04
 -4.8102447e-05
  3.7669155e-01
  7.2812072e-06
  5.6365532e-01
  7.7216792e-01
 -5.3639989e-03
  9.6427073e-05
 -5.7663795e-02
  9.5203337e-05
  5.8530131e-05
  2.7693795e-02
  3.0869079e-01
  3.7514567e-01
  2.0383202e-01
 -5.9043456e-02
  6.3321262e-05
  2.7971864e-01
 -7.3075760e-05
  1.0690224e-04
  6.6236116e-04
 -4.6824489e-04
  1.1503468e-01
 -2.4358446e-06
  2.3959271e-07
  5.4478409e-05
 -4.7978981e-05
  2.6658661e-06
 -2.4399422e-05
 -2.3672619e-05
 -4.8849959e-04
  2.5211033e-05
  1.8426623e-05
 -9.3292391e-07
 -1.2467354e-05
  1.5280553e-04
  1.9265921e-05
  5.4997410e-05
 -6.0045033e-05
  2.6601379e-05
 -2.0927235e-05
  1.0009125e-04
  4.4259839e-05
 -6.2025960e-05
 -4.7026338e-06
 -5.1161485e-05
  3.9162634e-05
  1.0666768e-05
  5.2817031e-05
 -9.6272270e-05
 -5.9367940e-05
 -1.0881101e-05
  3.8290644e-05
  3.5055804e-05
  1.1201552e-05
 -3.5075536e-06
 -6.9237954e-05
  5.4336368e-05
  3.8625541e-05
 -4.1877931e-05
  2.6970009e-05
 -6.0072802e-05
  7.2079500e-05
 -9.8264691e-06
 -2.4125606e-05
 -3.0146452e-04
 -6.2314925e-06
 -3.7722293e-05
  1.7763781e-05
 -2.7880678e-05
 -4.6965793e-05
  4.3609092e-04
  6.4273110e-05
 -3.1378859e-05
  9.3136172e-05
 -9.6618285e-05
 -3.2628082e-05
  9.5252370e-05
  1.6101572e-05
 -8.0472324e-05
 -2.5222556e-05
  7.7919729e-05
  3.8062848e-05
  1.1210089e-05
  5.7812504e-06
  6.0289303e-06
 -1.4266105e-04
  1.0461600e-05
 -3.0844993e-05
 -1.1284221e-04
 -7.0816670e-05
  1.2678790e-04
 -5.6572312e-06
 -8.0916601e-05
 -2.0872871e-05
 -2.6638181e-05
  2.6075641e-05
  8.1617298e-05
 -5.9101469e-05
 -9.1083057e-05
 -7.7128389e-05
 -4.2279091e-05
  2.8989901e-04
  1.8823560e-04
  2.9818986e-05
  8.1619641e-05
  3.3844975e-05
 -2.7979795e-05
 -2.7850972e-05
  7.2036033e-05
 -3.7939893e-07
 -1.4008672e-04
  1.2320605e-04
  6.8787725e-05
 -1.5551897e-04
 -1.2111456e-06
 -7.8195844e-05
  2.2207302e-04
  9.3529357e-05
  9.4054121e-05
 -1.0751733e-05
  1.3514729e-05
  1.5373400e-04
 -9.3640274e-06
  7.3298695e-05
  1.2881854e-04
 -1.6157722e-04
  1.1438337e-05
 -1.3121197e-04
  7.3470292e-05
 -5.4470918e-05
  2.4966081e-04
  1.3031036e-04
 -1.7668532e-05
 -2.7963668e-03
 -1.2191619e-04
 -1.7057764e-06
  7.2481278e-05
 -1.1745421e-01
 -3.2914570e-05
 -1.3627949e-05
 -7.1501941e-05
  1.5983684e-04
 -5.7441343e-05
  2.1093356e-05
  2.9481194e-05
 -5.1614468e-05
  4.9471168e-04
  3.8909748e-05
 -6.5835251e-05
  1.7664535e-05
  3.9952018e-05
  7.7385805e-05
 -3.6710917e-05
  1.7981586e-04
  3.9264314e-06
 -3.5292949e-05
 -1.8093815e-05
  9.0661299e-05
  9.0933454e-06
  8.2745801e-06
  5.4093463e-05
  1.7939967e-05
  1.6766347e-04
  1.4808305e-05
 -8.0896847e-05
 -1.8859928e-05
  7.5000166e-06
  5.8492745e-08
  3.4961729e-05
 -1.2998491e-04
 -1.4692696e-04
  1.2284261e-05
  1.3772203e-04
 -1.1080623e-05
 -7.6142715e-05
 -5.6274643e-05
  1.1397597e-04
  1.2128634e-04
 -4.0355746e-05
 -5.3114069e-05
  1.1217110e-05
  2.7413918e-05
 -2.0418256e-04
 -7.9632133e-05
  4.5983725e-05
  6.1472674e-05
  9.0496949e-05
 -7.8003970e-05
  1.4948452e-04
 -4.4232642e-05
 -5.9501421e-05
  8.2885068e-05
 -2.6408077e-06
 -7.9250509e-05
  7.7928336e-05
 -6.3362830e-05
 -2.5449972e-05
 -8.1292201e-05
 -1.0827471e-04
  1.1854481e-05
  4.3939144e-05
  1.0422223e-05
  9.8800820e-06
 -2.8448136e-05
 -6.3917047e-05
 -2.3537606e-04
 -5.9530885e-05
 -4.0230829e-05
  1.6836070e-04
 -5.3239382e-05
  2.2285785e-05
  3.8580220e-05
 -1.1534398e-05
  1.1135295e-04
 -1.2708704e-06
 -2.0291653e-04
 -8.0216550e-06
 -6.2400257e-05
  4.9061127e-05
  1.5814327e-05
 -8.0178797e-05
 -9.5014150e-07
  2.1064108e-04
  7.3730436e-05
  1.2591870e-04
  2.8288705e-05
  2.2788311e-04
  1.6789473e-04
  3.6633760e-04
 -8.8786019e-06
  8.8784618e-05
  1.7169611e-04
 -1.9625439e-04
  2.4295910e-05
  4.6916175e-05
  4.3374948e-05
  1.1417414e-05
 -1.3699477e-04
 -5.8580369e-01
  3.0610248e-01
  1.9559237e-01
  4.1975892e-01
 -5.3801483e-01
 -4.1325307e-01
 -1.9807522e-01
 -1.1325640e-01
 -9.3304321e-02
  1.8638642e-01
 -1.6071114e-01
 -1.1797070e-04
 -3.5411170e-01
  1.7880242e-01
 -2.3366911e-05
  4.1272461e-01
  3.3837110e-01
  5.2943188e-01
  2.5048661e-01
 -3.3910599e-02
 -5.1403538e-05
  1.2118112e-01
  6.2790975e-02
  4.0907191e-05
  1.4209557e-01
  2.5328311e-01
  7.1483952e-01
  3.1357456e-03
  1.2863021e-01
 -1.4806012e-04
  3.8211593e-01
 -8.6298489e-05
  3.7549878e-05
  9.0397683e-05
  9.3840914e-05
  1.6807113e-02
  2.3267236e-01
  4.3753125e-02
 -4.1685882e-05
  1.4016972e-01
  6.2523533e-05
 -2.8927705e-05
  1.8466756e-02
  3.0038628e-01
  3.6811289e-01
  5.2414241e-04
 -6.5748483e-02
 -1.1320663e-04
 -2.1479088e-03
  4.4492092e-05
  6.1791732e-05
 -1.7217812e-05
 -6.4897057e-07
 -4.0725070e-05
  1.1363374e-04
  1.4180587e-04
  1.2936445e-04
 -5.8625486e-05
 -8.9772393e-06
  6.4194872e-05
 -5.9150228e-05
  8.9615947e-05
  3.1745054e-05
  1.8145161e-04
  1.2046212e-04
  6.2362822e-05
  2.5038173e-06
  3.7645859e-05
 -4.8731319e-05
  6.5842112e-05
 -5.3880167e-06
  2.2717291e-05
 -1.0089255e-04
  5.6077944e-05
 -2.1433256e-05
 -1.6924572e-04
 -3.7047267e-04
  1.7518936e-04
  1.4837309e-05
  2.1384533e-06
 -2.2179662e-04
 -5.6491477e-05
 -3.5863554e-06
 -4.5049743e-05
  1.4674175e-04
  1.3768191e-04
  1.5808202e-04
 -1.1632478e-04
  5.5807386e-06
  4.1308769e-05
 -2.9036615e-05
  1.9366247e-05
  4.3349337e-05
  3.8876155e-05
  1.7016111e-05
 -6.3681888e-05
  9.4426041e-06
  3.0221512e-05
  4.0059644e-05
 -5.0726152e-07
 -1.0188082e-04
  4.3204636e-05
  4.2173707e-07
 -2.5193574e-04
 -2.1162963e-05
  5.1610805e-05
  3.7413658e-05
 -2.0218531e-05
  5.7685960e-05
  1.3969805e-05
  1.2117391e-04
 -3.0620323e-04
  4.9223594e-04
  3.9237926e-05
 -2.1635451e-05
  2.2156275e-05
 -7.8679346e-05
 -1.0755922e-04
 -3.4593912e-05
 -1.6563713e-04
  8.1097329e-05
  1.0325724e-04
  1.4808279e-05
  5.9535898e-05
  3.8283630e-05
  5.9900303e-05
  1.9301948e-05
  2.5690006e-05
 -1.4215727e-04
 -7.7606448e-05
  4.4356834e-06
  2.5862065e-04
 -1.2144352e-04
 -1.9316296e-05
 -4.3199740e-05
 -2.0832519e-04
  1.0928529e-05
 -6.3698440e-05
 -3.4818713e-05
  1.9293315e-05
  6.0182818e-05
 -1.0667820e-05
 -1.0042681e-04
 -1.3858586e-06
  1.1196793e-04
  2.7576517e-04
  4.2009899e-05
 -7.7035562e-05
 -1.0405122e-05
 -8.6688506e-06
  3.2226184e-05
 -2.0499594e-04
  1.8959998e-05
 -5.4527838e-05
  4.5700421e-05
 -3.5494733e-05
 -3.8340007e-05
 -1.1781205e-05
 -2.0479416e-05
  1.3320609e-04
  4.6089026e-05
  8.1273329e-06
 -1.1207168e-04
 -1.1928923e-03
  1.5377230e-04
 -1.3402382e-05
  1.0069016e-04
 -1.8970100e-05
  1.0412020e-04
  1.7487271e-04
  3.3513199e-05
 -2.3329878e-05
 -4.2006332e-06
 -9.4176876e-06
 -8.6015214e-05
  1.0141521e-04
  8.7435532e-05
 -8.6903870e-05
 -3.4872970e-05
  1.4870308e-04
 -4.7334182e-05
 -5.0601375e-05
 -1.5050185e-05
  5.7445159e-05
 -2.3764856e-05
  1.4279582e-04
 -2.5930969e-05
 -6.7999703e-05
 -5.6809444e-05
  1.0558905e-04
 -6.9662994e-05
  1.4511898e-05
 -5.8508158e-05
 -5.0602106e-05
  8.0402213e-05
  5.6662807e-06
  2.6614880e-06
 -1.6837188e-05
  5.5731853e-06
  1.4641041e-04
  5.5881916e-05
  8.9843110e-05
  1.2576309e-04
  1.2849133e-05
 -1.0924785e-05
 -1.6012331e-04
  1.4814774e-04
  5.2817097e-05
  2.6294585e-05
 -9.2939001e-05
 -1.3636767e-05
 -7.5329976e-05
  3.2680066e-06
  5.1272003e-05
 -1.0200451e-04
 -1.4096513e-05
  1.4489120e-05
  9.6663091e-05
 -5.3178861e-05
 -1.4510234e-05
 -1.0239309e-04
 -1.7236259e-04
  2.0765194e-05
 -7.9982774e-06
  3.2102984e-05
  5.3160933e-05
 -1.9367437e-05
  4.1133178e-05
 -5.5629796e-05
  1.0112338e-04
 -1.9991507e-05
  1.9393618e-05
 -7.0047921e-05
 -1.3254087e-04
  8.9322406e-05
 -1.8322420e-04
 -2.0013562e-04
  1.7774581e-05
 -2.8051976e-05
 -3.0352021e-05
  5.2973851e-06
  6.5929373e-05
 -4.2727070e-06
  5.3450593e-05
 -2.4513211e-05
 -1.3991926e-04
 -7.0408474e-05
 -1.1324340e-04
 -1.6700070e-06
  3.0002777e-06
  2.2902504e-04
 -4.9569786e-05
  1.9973848e-04
  6.5136141e-05
 -3.7385474e-04
  1.5408885e-04
 -2.0587850e-05
  6.1295657e-05
 -5.3054075e-05
 -2.1378075e-05
 -1.2037368e-04
  7.1277005e-05
 -2.3698628e-04
  8.9502566e-05
 -5.7205498e-06
 -1.6592689e-05
 -9.7145121e-06
 -1.5333118e-05
 -1.9413473e-04
 -3.1348047e-04
  3.9173690e-05
 -7.4162192e-05
 -1.7263115e-04
  2.3907472e-05
  2.0336562e-05
  1.2742273e-04
 -2.7729220e-05
  4.3194272e-05
 -1.1008109e-05
  1.0421339e-04
  5.2076368e-05
 -3.8483427e-05
 -3.0153571e-05
 -4.6901947e-05
  1.9826946e-05
 -1.5564563e-04
 -1.4034667e-04
  2.6347727e-05
 -3.1150699e-05
 -9.2927548e-05
 -6.9960421e-05
  7.2234507e-05
  1.4324596e-05
  3.8932198e-05
  8.3249915e-06
 -1.5258974e-04
  1.8817975e-05
  1.8689955e-04
  1.1343762e-04
  2.5944457e-05
 -8.8243469e-05
  5.1483788e-05
 -5.6385317e-05
  1.1208025e-04
 -9.1007358e-05
 -4.3440115e-05
  1.0073723e-04
  1.4840644e-04
 -1.3108765e-04
 -2.1532329e-04
 -3.0418814e-05
  3.3047865e-05
  3.3612392e-05
  1.1530719e-05
  4.3784996e-05
  4.4769258e-06
  1.2167181e-04
 -3.2917942e-06
  2.6749567e-05
 -2.7418833e-05
  1.2938053e-04
  6.5942249e-06
 -8.9935114e-05
 -1.6788181e-05
  1.6101869e+00
 -2.7586894e+00
 -2.1299655e-02
  1.1563408e+00
  9.4960101e-02
 -8.7019569e-01
  3.7548563e-01
  4.9497329e-02
  9.8245502e-01
 -4.7776520e-02
  1.3521741e-04
  1.8871473e-05
 -1.1315051e-02
  3.0248292e-02
  9.4011877e-05
  4.8865102e-02
  2.6907048e-01
  9.3653165e-02
  1.0159292e-04
  6.3671961e-02
  5.0045881e-05
  4.0386908e-02
 -5.2348307e-05
  1.7141503e-04
  2.8146017e-02
 -2.9734160e-06
 -7.7884635e-03
  1.0575851e-01
  3.8162744e-01
  8.7547720e-05
 -3.7882966e-01
  1.0266747e-04
 -1.3594262e-04
  1.8878299e-01
  3.9669325e-05
  4.8307541e-01
  3.2573944e-04
 -1.3810284e-01
 -8.9981557e-05
  1.1728468e-02
  4.5505143e-04
  1.3190647e-05
  2.0946858e-07
  3.7871776e-04
  8.7132946e-02
  2.9496272e-04
 -3.0531627e-04
  8.5462270e-05
  6.7411415e-02
  1.2980167e-05
 -7.4194300e-05
 -1.1354123e-05
  3.4811572e-05
  1.4112060e-04
  1.9468205e-05
 -2.8840118e-06
 -1.0537904e-04
 -1.5482959e-05
 -7.2512419e-05
  1.7415201e-05
  1.5292130e-04
 -4.9429480e-05
  1.1250656e-04
  7.6244956e-05
 -1.2659606e-05
  1.2547725e-04
  1.4463822e-05
 -8.9099463e-05
 -2.3754829e-04
  2.1509459e-04
 -5.0931853e-06
 -1.5776722e-04
 -8.1261060e-06
 -5.1886473e-05
  5.0079411e-06
  2.5959073e-06
  7.7563200e-06
 -3.0674946e-05
 -4.0708932e-05
  4.8073984e-05
 -1.3153648e-04
  4.2717664e-05
  7.3513322e-05
  2.0016562e-04
 -2.9833551e-05
  1.0505730e-04
 -1.6122789e-04
 -1.5245531e-04
 -3.8760136e-05
 -4.5330457e-06
  1.2512124e-04
  2.3857276e-05
 -8.7519584e-05
  1.1693098e-04
 -1.0580327e-04
  1.2868841e-05
 -6.2437924e-05
 -3.1131447e-05
 -7.2748138e-05
 -8.2957713e-06
 -1.1148031e-04
  1.0227343e-04
  3.9903432e-05
 -4.3984775e-05
 -4.4657554e-05
 -6.9619300e-06
 -1.6497812e-04
  1.0995623e-05
 -1.5132759e-05
 -1.1460049e-04
  4.6959460e-05
  1.8114109e-05
  2.1774566e-05
  1.9370318e-06
  6.0006609e-05
 -6.8564077e-06
 -1.1759648e-04
  7.3160227e-06
 -2.9670837e-05
  1.5902298e-04
 -4.0235464e-05
 -3.8420612e-06
  3.0193652e-05
 -7.0729307e-05
  2.7300732e-05
 -1.8862031e-05
  7.8663281e-05
  1.4915338e-04
 -2.8252420e-05
 -3.7695772e-05
  4.7969657e-05
 -6.7083623e-05
  5.4533924e-05
  1.5848393e-04
  8.4406556e-06
 -5.1488423e-05
 -5.2214204e-05
 -1.4110263e-04
 -5.1293686e-05
  2.9347701e-05
  1.1797895e-04
 -2.0167281e-05
  1.0245437e-04
 -1.7190358e-04
 -5.6298140e-05
  4.5591398e-05
 -5.3247171e-05
 -2.6498601e-04
  1.0959712e-04
  1.6593267e-05
  7.5464770e-05
  1.2172099e-04
 -1.2360913e-04
 -4.9186478e-05
 -2.7867226e-04
  1.1280378e-04
  4.5640118e-05
  2.2896927e-06
 -1.5559679e-04
 -3.1975520e-04
  3.4151453e-05
  4.9286450e-06
  2.3700026e-01
 -3.1831411e-01
 -1.3889749e-05
  4.9630329e-01
  8.0802888e-01
  7.8373864e-02
 -4.5724738e-01
 -2.8756186e-01
  2.1072206e-01
  9.1935151e-05
 -2.4010395e-05
  7.1235841e-06
  1.5881827e-01
  6.3869935e-03
 -1.0258862e-05
  4.2474142e-01
 -8.3691376e-04
  1.4759011e-02
  6.4760938e-02
  3.7321734e-01
  4.7200891e-05
 -1.2875373e-03
  6.2472573e-05
  2.0251288e-04
  3.8469592e-01
 -3.3595428e-02
  3.3073065e-01
  1.4310872e-02
  6.4919745e-06
 -3.8015187e-05
 -6.0908145e-01
  2.4484507e-06
 -1.4835763e-04
  3.3797257e-02
 -8.7983915e-07
  1.3238522e-01
 -2.7984647e-06
 -5.0377782e-04
 -1.5478673e-04
 -5.4183227e-01
 -2.5203150e-05
  8.2913335e-05
 -1.9460078e-04
  7.5129814e-02
  6.1825085e-02
  3.7597489e-04
 -9.3403934e-05
  8.3320818e-05
 -3.2325457e-05
 -1.1432450e-04
  9.6900010e-05
  4.4498585e-05
  3.8526414e-05
 -1.3024981e-05
 -1.8391222e-01
  5.9431959e-06
  6.4855201e-05
  2.3564140e-01
  1.5255630e-04
 -2.2329859e-05
 -1.2191463e-01
  1.8235387e-01
  6.8100977e-05
  1.4151376e-02
 -6.0702105e-06
  7.5771211e-05
 -6.2870309e-02
  2.0627996e-03
 -3.3846107e-05
 -1.2203571e-03
 -7.1336464e-03
  1.5652033e-04
  1.5778480e-02
  8.7495919e-06
  1.2694373e-04
 -1.6724654e-02
  1.5205512e-05
  3.0522642e-05
  6.4451370e-04
 -8.2463317e-05
  8.4933342e-04
  1.0508833e-04
  4.7751050e-06
 -4.2710130e-06
  1.2485479e-04
 -8.5608252e-07
 -1.1611739e-04
 -3.3457609e-06
 -5.4593795e-05
  1.4081420e-02
  8.9219411e-06
  6.3518569e-02
 -4.3741347e-05
 -5.4622116e-04
  4.2970729e-05
 -2.5247273e-04
  1.5472720e-05
  4.0842409e-04
  1.3802896e-03
  5.8282923e-05
 -1.6661606e-05
  2.2218113e-05
  1.3274531e-04
 -9.8841170e-05
 -1.5091383e-05
 -4.1721214e-05
 -3.3779441e-05
  4.0034612e-04
 -4.2276356e-06
 -8.9664405e-05
 -6.0004448e-05
  1.0635365e-04
 -2.1096843e-04
 -1.2064156e-04
  5.9266508e-06
 -4.0307459e-03
  9.9778750e-05
  7.5868602e-06
 -1.3670267e-04
  9.8213983e-05
  4.9816183e-05
  1.8004415e-05
 -8.2809402e-06
  5.4868589e-05
  2.6852058e-05
  7.7135133e-05
  5.4092779e-05
  2.7502590e-04
  7.4871918e-05
 -3.4351273e-05
  1.7893504e-04
  1.0445053e-04
  2.3492206e-05
  6.2845720e-05
  8.5769261e-06
 -1.6796816e-05
  2.0709616e-04
 -6.5485692e-05
 -3.2001017e-06
 -7.9578276e-05
  2.8239023e-05
 -7.1978880e-06
 -1.6112701e-04
 -2.6984937e-05
  5.4841989e-06
  3.0636023e-05
 -1.9156876e-04
  1.2034206e-05
 -3.9310904e-05
 -2.6808052e-06
  1.6222588e-05
 -2.1317768e-05
 -3.8461978e-05
  7.7966673e-05
  4.7276303e-06
 -6.6597408e-05
 -5.7961901e-05
  1.2455722e-04
 -3.8988583e-05
 -4.6745998e-05
 -1.5603167e-04
  2.9252001e-06
 -1.0486905e-04
 -1.4531905e-04
  1.4828191e-05
 -4.2118470e-05
 -1.1512836e-04
 -5.1523020e-05
 -1.4460874e-04
 -3.2437101e-06
  1.6153384e-04
 -7.6598284e-05
 -2.2838710e-04
 -3.7278558e-05
  3.0805066e-05
  3.4154888e-05
  3.2823093e-04
 -9.9461351e-05
 -6.3139913e-07
 -7.2200542e-05
  3.3639673e-05
  5.6731827e-05
  3.9506012e-06
 -4.0837582e-05
  8.6635308e-05
  6.6728557e-05
 -3.2804983e-05
  2.3589124e-05
 -1.4119566e-04
  1.7212064e-05
  1.8077120e-05
  7.4049494e-05
 -6.4557952e-07
  7.9286714e-05
  8.7312364e-05
 -2.6934931e-05
  8.3053837e-06
  3.2084925e-05
  4.7774615e-06
  1.4272162e-04
  7.6779133e-06
  1.9706720e-05
 -8.5398955e-05
  8.7599095e-05
 -8.9200519e-05
  1.6852049e-05
 -5.2716572e-05
  6.4414286e-05
  7.9134559e-05
  2.1327751e-05
  3.0511470e-05
  3.3726086e-05
 -1.3039753e-04
 -6.2782623e-05
 -2.0509029e-05
 -1.2306217e-04
  1.8242725e-04
 -1.9559812e-02
  2.2003676e-05
  1.2155437e-01
  2.5082604e-04
  2.0488134e-02
 -9.1844955e-03
 -1.9520153e-01
 -4.3492118e-04
  1.1945068e-04
  2.2295333e-05
  4.0791261e-07
  6.2174826e-05
  3.7790101e-05
  7.3551993e-05
 -6.0628213e-02
 -2.4780229e-04
 -4.0569566e-07
  3.0425897e-05
 -1.7341651e-04
 -1.1383827e-04
 -1.8268503e-01
  1.1341074e-04
 -6.4676991e-05
 -1.6735961e-04
 -1.4990535e-04
 -4.7070454e-05
  7.6780714e-05
  3.7008012e-05
  1.6895114e-05
 -2.7898941e-05
 -2.1040325e-05
 -9.2182825e-05
  1.0737991e-06
  2.8545514e-04
  2.3570411e-04
  6.2525127e-05
  7.9447760e-05
  5.5193170e-05
  8.8534925e-06
 -9.1216143e-06
 -4.5003620e-05
 -2.8226234e-05
  9.8762925e-05
  1.4762230e-04
 -3.7877293e-05
  2.6441294e-05
 -4.0458373e-05
  1.8769349e-05
  2.4222081e-05
  4.3047898e-05
  1.4629082e-05
 -1.4399734e-04
  1.7517592e-05
  3.4520218e-01
 -3.2902917e-01
 -8.3761346e-01
  7.3801368e-01
  2.4251575e+00
 -1.3268197e-01
  4.5873072e-02
 -6.8496037e-01
  7.5211799e-01
 -1.0978559e-01
 -1.7379457e-02
  5.4699349e-06
 -2.1265704e-02
  5.1962294e-02
 -2.2543478e-04
  2.0746244e-01
 -4.7218066e-02
 -1.9413359e-01
  2.1256408e-02
  7.8774758e-02
  7.5412674e-05
 -2.9654479e-01
  3.0934234e-04
  3.5690882e-06
  1.1883486e-01
 -1.8055803e-01
  2.2172630e-02
  2.1517577e-03
  3.2243404e-01
  1.8160745e-04
  5.8942921e-02
 -1.2652046e-04
 -2.4216810e-05
  7.3076934e-02
  1.5361366e-04
  1.3419695e-01
  1.5876070e-04
  1.0947873e-01
  5.8003461e-05
 -3.2186587e-03
  4.1599902e-05
 -1.0586261e-04
  3.1533543e-02
  9.7115174e-02
  1.3629998e-01
  6.2729334e-05
 -7.4178837e-02
  2.7458143e-05
  2.0379332e-05
 -1.4633729e-04
 -1.0458216e-04
  3.6354680e-07
 -8.2631675e-05
  8.6545985e-04
 -1.2115062e-05
 -1.0548633e-04
 -4.5682340e-05
 -1.1238900e-04
 -1.1241373e-03
 -5.8193953e-05
  8.8770512e-06
  1.5001912e-05
  3.9040777e-05
  6.2734740e-05
  1.2126350e-05
  1.0801532e-04
 -5.1097559e-05
  9.8978046e-05
  1.0529295e-04
 -1.4684369e-05
  1.1323604e-04
 -2.1843286e-04
 -2.7977847e-04
 -2.0146565e-05
 -6.2889717e-06
 -3.1257796e-04
  6.4335400e-05
  3.1651547e-05
  2.9616656e-05
  1.6025107e-05
 -5.5876910e-05
 -1.6881044e-05
  2.2377688e-05
  2.0876965e-05
  5.1960425e-05
 -6.3600077e-05
 -4.5860972e-05
  5.4957560e-05
  9.4605108e-05
 -3.6254009e-05
 -5.0358547e-05
  4.9615903e-07
 -2.6762120e-05
 -7.1200798e-06
 -2.8666770e-04
  2.9594794e-05
  5.3537708e-05
 -9.7988650e-06
  1.3020432e-04
  2.5365913e-05
 -2.5556138e-04
  1.5133109e-04
 -2.6430964e-04
  7.7146260e-06
 -6.0228675e-05
 -5.3632350e-05
 -1.4179532e-04
  7.1400236e-06
  3.5253881e-05
  1.9835903e-04
 -1.6982885e-05
  6.1299404e-05
  1.4684783e-05
 -1.3338256e-05
  8.8696390e-07
  6.2435327e-05
 -2.5484397e-04
 -1.4913358e-05
  6.9700332e-06
  1.0220049e-04
 -2.1606436e-05
 -4.1737421e-05
 -7.5354428e-06
 -1.2580655e-04
  2.9162531e-05
 -1.7940971e-05
 -3.3755750e-05
  1.5482192e-04
  5.6794750e-05
 -7.4879579e-05
 -1.4646626e-04
  6.9828362e-05
 -5.0985032e-06
 -1.7526676e-04
  1.7180116e-06
 -6.0195136e-05
 -2.5530406e-05
  1.1647022e-05
  1.6422285e-04
 -3.5099394e-05
  4.8303868e-05
  1.4890284e-05
  2.2784816e-05
  6.8211986e-05
 -1.7875798e-04
  4.3243574e-05
 -2.3332495e-05
 -2.1350565e-05
 -6.5306898e-07
  1.1235179e-04
  1.5219659e-04
 -1.1474707e-05
 -2.7168217e-05
  3.5536923e-05
  1.3101453e-04
 -6.6446097e-05
 -2.8937326e-05
  2.3539043e-05
 -2.5539717e-05
 -1.5017265e-04
 -3.9342613e-05
 -1.7456750e-04
  1.9547828e-05
  2.4837357e-04
 -1.0084659e-04
  6.4608321e-05
  6.5366905e-05
  1.4482717e-04
  1.6889730e-05
 -3.9003698e-05
 -1.9173069e-05
  7.6120473e-06
  6.4694992e-05
 -4.9384653e-06
  2.9171722e-05
  3.5489084e-05
 -2.2821657e-04
  1.1365036e-06
  3.7472323e-04
  1.5788536e-04
  5.0301376e-05
 -1.6485878e-04
  3.0229274e-05
  3.2429901e-04
 -6.9112197e-05
 -4.1126463e-05
  7.1741255e-05
  8.5547428e-05
  2.8271879e-06
 -4.8036440e-05
  6.8761532e-05
 -9.6317426e-06
 -2.7872125e-06
 -1.9131010e-05
  3.5334614e-04
 -4.1571580e-05
  1.2024770e-05
 -1.9432582e-05
  1.1275384e-04
  3.2064992e-05
 -1.8172535e-04
 -4.0324579e-05
 -1.3792103e-04
  1.3454263e-04
 -7.9009536e-05
 -9.4583273e-05
  2.1465137e-05
 -1.3217522e-04
  1.0986874e-06
  3.0777628e-05
 -2.0741807e-05
  2.5518593e-05
 -3.5409044e-05
  1.9305897e-05
 -2.9237721e-05
 -1.5251682e-04
 -1.8672502e-04
  1.5878510e-04
  1.3694576e-04
 -2.4462795e-06
 -1.8314178e-04
  1.0947364e-06
  8.5773128e-05
 -3.8086727e-02
 -1.3670669e-04
  7.6776505e-06
  3.7178506e-05
 -4.5000361e-05
  1.8023011e-05
  7.2172239e-05
  9.9103243e-05
 -2.2439946e-05
  6.6619061e-05
  1.8989675e-05
 -6.9162852e-06
  4.5291126e-06
 -1.5434658e-04
  1.9253972e-05
 -7.9939731e-05
  1.4222535e-06
 -2.0868094e-05
 -6.1335501e-05
 -1.9760975e-05
  3.4896635e-05
  4.6641140e-05
  6.4701548e-05
  1.3558280e-04
 -1.1778402e-04
  1.7908431e-05
 -3.7906997e-05
  1.2406294e-04
 -9.5278294e-05
  1.2471844e-04
  2.2356531e-05
 -6.2446088e-05
 -3.6635865e-05
  8.5335130e-05
  5.8257745e-05
 -1.2342166e-04
 -5.9377221e-06
 -6.6128690e-05
  2.7350817e-04
 -1.3312847e-05
 -2.8511557e-05
 -3.8308292e-05
  4.9032619e-06
 -3.1381094e-06
  8.9890214e-05
  5.9914932e-05
 -1.3355489e-04
  6.3596315e-05
 -1.3064861e-04
  1.7939623e-05
 -5.4280849e-06
 -1.1144846e-04
 -1.0993493e-05
 -1.4064643e-05
  6.4158470e-05
 -8.3105533e-06
 -1.4139974e-05
  3.4246789e-04
  9.5046242e-05
 -3.1116203e-04
  2.8015675e-05
 -1.7875603e+00
 -5.1552775e-05
  4.1338590e-05
 -1.0187245e-04
  1.0975532e-04
  4.9089325e-05
 -8.2647857e-05
 -7.0447881e-05
  3.1209944e-05
 -4.0594270e-05
 -2.8388318e-05
 -9.7460077e-05
  2.2449707e-05
  1.1285504e-04
  6.1852013e-05
 -7.8799785e-05
 -5.6185774e-05
  2.5889761e-04
  7.2672570e-05
  1.2089780e-05
  2.6591524e-04
 -2.1441134e-05
 -1.5325227e-04
 -8.0415201e-05
  5.4691835e-05
  5.5755121e-05
  1.8146381e-04
 -4.6494286e-05
  1.1243083e-05
 -1.8987712e-05
 -4.1805984e-06
 -7.7493069e-06
  4.6210422e-05
 -3.4328573e-06
 -1.5665407e-06
 -5.7590278e-05
  6.2884828e-05
  8.4271465e-05
  2.6037202e-05
 -5.0124483e-05
  2.7265069e-05
  3.2834108e-05
 -2.0181258e-06
  5.5704189e-05
  9.8984048e-05
  2.6620026e-05
  5.6534620e-05
 -6.1557657e-05
 -1.8133067e-05
 -3.8196136e-05
 -7.6330689e-05
  1.3320735e-06
 -2.4237002e-05
 -3.2039279e-05
 -1.3072536e-04
  1.5021587e-04
  3.4223747e-04
 -4.0462687e-06
 -1.2658605e-05
  3.8385664e-05
  1.1008301e-05
  1.5367295e-04
 -1.0851637e-04
  7.3853073e-05
  1.3688687e-04
  2.1768947e-05
  1.3662665e-04
  7.1472212e-05
  2.2231812e-04
  1.2050020e-05
 -1.9622505e-04
 -2.3004861e-05
  1.5605359e-05
 -8.3195955e-05
  2.5626474e-05
  6.7559733e-05
 -2.0051264e-05
  1.2763217e-04
 -8.1849474e-05
  9.6442665e-05
  3.0988165e-05
  1.6856332e-04
  3.2312815e-05
 -1.2104301e-04
  1.0987822e-03
 -2.1923333e-06
  1.0525210e-04
 -3.1405281e-05
 -1.4766444e-05
  1.3041386e-04
  2.2441414e-05
  5.9978174e-05
  1.6982637e-04
  2.6388607e-05
  6.0991111e-05
 -2.4080799e-05
 -5.5673801e-05
 -3.3796114e-05
 -4.2633314e-05
  2.2191659e-06
 -2.7366092e-05
 -1.2628398e-04
  1.7204053e-05
  1.0819025e-06
  6.5584703e-05
 -7.6775315e-05
  4.4470411e-07
 -6.1645937e-05
  2.6442073e-04
  5.8045978e-05
 -8.0517450e-05
  1.4160325e-04
  8.1899343e-06
  1.9427344e-04
 -4.2415850e-05
 -4.6606929e-05
  1.3698876e-04
  1.1510769e-05
 -5.4686145e-05
 -1.3370380e-04
 -1.7714573e-04
 -2.5946413e-06
  4.2766173e-05
 -7.1363836e-05
  7.1533154e-06
 -1.3274104e-04
 -8.7240369e-05
 -6.5418208e-05
  1.1538765e-04
 -1.3250178e-06
  7.1254857e-05
 -1.9781206e-04
 -3.0475219e-05
 -3.9186751e-05
  1.1517102e-05
  1.8910880e-05
 -7.4875410e-05
 -1.4855641e-05
 -2.7970456e-05
  8.8782857e-05
 -1.4255331e-04
 -9.3426416e-07
 -2.7894775e-05
  3.5025328e-04
 -2.1570497e-04
  1.0899177e-04
  5.2598425e-05
 -3.6168934e-05
 -8.3645314e-02
  5.0326904e-05
 -2.0175436e-05
 -6.7649409e-05
 -6.0928549e-05
 -5.2903546e-05
 -1.5980289e-05
  2.4321522e-05
  9.4499461e-05
  6.6273860e-05
  1.3862181e-04
  1.2957800e-02
  2.9980149e-06
 -5.8358590e-05
  1.8379836e-04
 -1.2065502e-04
 -6.2035491e-05
 -2.0392077e-05
  9.1852045e-05
 -1.0344668e-04
  1.7107135e-05
 -1.1191043e-05
  1.2956653e-04
  8.9906534e-06
  6.1791914e-05
  4.2920219e-05
  2.9052488e-05
 -9.5783516e-06
 -1.2914772e-04
 -3.2920307e-05
  2.0787724e-05
 -5.7617467e-06
 -2.2889712e-05
 -9.7893928e-05
  1.9090668e-04
 -6.5435022e-05
  7.3048005e-07
 -6.0624538e-05
  4.5824811e-05
  7.6080090e-05
 -9.4390532e-05
 -1.4037848e-04
 -2.0735146e-05
  1.2221833e-05
 -9.8014047e-05
 -1.9851350e-05
  2.7166152e-05
  1.1563269e-04
  1.5450436e-05
  1.5558163e-04
  1.0225693e-04
  2.9096068e-04
 -4.7475980e-05
 -4.6614772e-05
  7.9777266e-05
  1.3910203e-04
  2.8718874e-05
 -3.4224155e-04
 -3.5792237e-04
  1.2950601e-04
 -3.2589931e-05
 -8.7028398e-05
  2.0133873e-05
 -1.3520822e-06
  8.1669838e-05
 -2.1109108e-05
  1.3369584e-05
  8.0188988e-07
  1.5556672e-05
  1.1212750e-04
  5.1740120e-05
 -8.9446679e-05
 -9.7653647e-06
  6.2153566e-07
 -4.3801843e-05
 -5.6972262e-05
  7.5816817e-05
  1.0405383e-04
  3.8298571e-05
 -3.1969874e-05
 -6.8928653e-05
  1.6965183e-05
  6.2937703e-05
 -6.5144697e-05
 -1.2859420e-04
 -1.3923322e-04
 -1.6914692e-05
 -9.0674090e-05
  4.5082783e-05
  8.5194726e-05
 -3.5428380e-05
 -3.7483594e-05
  6.8569469e-05
  1.9695846e-05
 -2.3156805e-05
  9.2407870e-05
  1.6398086e-04
 -1.4788399e-05
  6.7961657e-05
 -1.6927876e-04
  9.1042348e-05
 -1.6169490e-04
  2.3510578e-05
 -5.9412287e-05
  2.8628291e-04
 -6.9938767e-05
 -2.3387829e-05
 -9.2197362e-05
 -1.1131150e-05
 -9.7741962e-05
  2.5111600e-04
 -9.8094724e-06
 -7.6236683e-01
 -1.8961033e-04
  1.9198093e-05
  1.1067138e-05
 -9.5520314e-05
 -2.0356345e-04
  3.5737144e-06
 -4.0683179e-05
  1.0387781e-04
 -1.1934877e-04
 -1.0597818e-04
 -3.2717413e-05
  1.8991655e-04
 -5.8824411e-05
 -6.3542361e-06
 -4.6296329e-05
  6.0755498e-05
 -2.3808403e-05
  5.1866104e-05
  2.5633335e-05
  3.7063237e-05
  5.7555633e-05
 -6.1261941e-05
 -1.2809401e-04
 -1.2572553e-05
 -2.9935658e-05
 -3.1253387e-06
 -1.9097535e-04
  1.7650722e-05
  3.9760005e-05
 -5.0747793e-05
  1.2501475e-04
  8.3044913e-05
 -1.9789199e-04
  1.3934588e-04
 -8.8068460e-05
 -1.1273085e-05
 -4.5285677e-05
  1.3939278e-04
  7.5076510e-05
  8.9097251e-05
  2.6833379e-05
 -2.2254961e-05
 -6.2076826e-05
 -6.6236287e-05
  3.4607906e-06
 -5.1536466e-05
 -1.5432180e-07
 -3.1808624e-05
 -1.6106196e-05
  2.9819758e-04
  2.3313944e-05
 -7.3684478e-06
 -1.6233875e-05
  3.7290965e-06
 -4.9446953e-05
  3.5752430e-05
 -3.7104950e-05
 -4.0410345e-05
 -1.0234508e-05
 -2.0689515e-05
  6.7804605e-05
 -2.5021710e-04
  4.6080795e-06
  6.0349914e-05
  8.6427690e-06
  1.1967628e-05
 -1.0131698e-04
 -3.8165839e-05
 -2.8470473e-05
 -1.8689268e-05
 -4.5252884e-05
  4.1848856e-05
  2.6184302e-05
 -8.4290921e-05
 -8.7654837e-05
  2.7008279e-04
 -3.3136224e-05
 -5.2038849e-05
  1.0493260e-04
  3.3190718e-05
 -1.9623243e-05
  2.1453287e-05
 -1.0269177e-04
  4.4178581e-05
 -9.0475391e-05
 -1.4507081e-04
 -1.7616802e-04
  3.5607045e-05
 -7.6755772e-05
  8.7640756e-06
 -8.0702128e-05
 -7.4582415e-05
 -1.1865713e-04
 -7.6515033e-05
  2.4398263e-05
 -8.3368723e-05
  1.6724003e-05
  9.2266222e-05
  2.3857843e-04
  1.1810749e-04
 -3.3946944e-06
 -2.0053221e-05
  9.9391029e-05
  5.4519151e-05
 -2.9860714e-05
 -7.0495669e-05
 -5.8399066e-05
 -1.2248354e-07
  1.4184632e-04
 -1.1227382e-04
 -1.5419868e-05
 -2.5073270e-05
 -2.8712895e-05
 -2.9594585e-04
  9.2523966e-05
  3.2836440e-05
 -4.5516692e-05
  1.1916100e-05
  8.6616870e-05
  1.9081028e-05
  1.3547059e-04
  4.2595793e-04
  3.5395209e-05
 -1.6624706e-05
  3.7636648e-06
  5.5170753e-05
 -4.9085389e-05
  1.8421386e-04
  7.6492797e-05
 -5.9377908e-05
  5.5916098e-06
 -5.5377488e-04
  1.2673772e-05
  1.0713745e-05
  1.0961945e-04
 -5.7547626e-05
 -3.9887007e-05
 -5.2988602e-05
 -1.1674983e-04
 -2.5284808e-05
  7.3541269e-05
 -3.5694720e-05
  7.4196068e-06
  7.4336494e-06
  6.2305412e-06
  1.0465786e-04
  2.3196668e-04
 -8.3797545e-07
  1.5646622e-04
 -1.6249271e-04
  6.0384114e-05
  2.6572116e-05
  3.3853838e-05
  6.2829960e-04
 -8.1126083e-05
 -7.3577205e-05
 -2.7100650e-05
  6.8354042e-05
  5.2306918e-06
 -1.0737919e-04
 -2.3552995e-04
 -6.2954132e-05
 -1.2543253e-05
 -6.4108906e-05
  7.3989147e-05
 -5.6357436e-05
  3.0573385e-05
 -2.2705544e-06
 -8.0574664e-06
  5.3878528e-05
 -2.9488787e-04
  3.9161499e-05
 -2.6661567e-06
 -8.0742371e-05
 -3.1800439e-05
 -8.9885216e-06
  1.2057073e-04
  4.6827405e-05
 -7.4648793e-05
 -1.0565996e-04
 -7.6884703e-07
  8.7517346e-06
 -3.9693128e-05
  1.4401235e-04
  1.9309306e-05
 -1.6201887e-04
  1.8576964e-05
  7.8456913e-05
  5.3993659e-05
 -1.2151377e-04
 -5.4839573e-05
 -1.7830940e-05
  9.7483440e-05
 -2.7114475e-05
  2.6691234e-05
  3.6416306e-05
  1.4068822e-04
  4.8170186e-05
 -1.5827484e-04
  4.2210908e-05
 -1.0516200e-05
  1.1736147e-04
  2.6832267e-05
 -5.1088380e-05
 -5.9388185e-06
 -1.0451766e-04
 -1.2311681e-04
  1.5418807e-05
  2.5801955e-05
  3.2304026e-05
 -7.2111055e-05
 -1.7839120e-01
  1.7871231e-01
 -1.6981531e-02
  5.0390893e-01
 -9.8538250e-01
  2.2199912e-01
 -5.9141254e-01
  6.8586481e-01
 -2.4327961e-01
  7.6650821e-02
 -9.2032664e-05
 -3.8595077e-05
 -2.2086788e-02
  1.0603922e-03
 -1.8933447e-04
 -1.4490229e-01
 -8.9215785e-02
 -8.4494561e-05
  2.1385990e-01
  1.3597971e-01
  7.9348683e-05
 -3.7755365e-03
  1.0126530e-02
  1.7440008e-05
  1.1548696e-02
 -7.8066643e-03
  2.2409670e-04
  2.2595872e-01
  1.8411483e-04
  2.8192722e-05
  3.3815522e-03
 -8.8500055e-05
  4.5463239e-05
  2.3281841e-02
 -1.4829273e-05
  3.4044585e-01
  2.1023563e-01
  4.8601219e-01
 -8.4186780e-05
  6.8228029e-02
 -1.1374733e-04
 -7.6036872e-06
 -1.5187269e-04
  2.1720541e-01
  2.5879654e-01
  1.2562457e-01
 -2.3347754e-02
  1.6151326e-04
  4.3715164e-03
 -1.1315089e-04
  2.5896323e-04
  7.5707292e-05
  3.1660544e-05
  6.2773183e-02
  2.5618137e-05
 -1.8414993e-04
 -1.9986195e-05
 -2.3340790e-06
  1.6280822e-04
 -2.1708623e-04
  6.0282047e-05
 -2.6350858e-02
  1.2874059e-04
  9.6502699e-05
  1.2285139e-05
 -7.0887536e-06
  6.0969436e-05
  6.1773397e-05
 -2.5843768e-04
 -5.3452455e-05
  5.0032653e-05
 -2.2802333e-04
  1.4595787e-05
  2.0273359e-05
  6.5244681e-06
 -2.8944673e-05
  2.8731796e-04
 -2.7716287e-05
  3.0900857e-05
 -4.1011926e-06
  1.3312345e-04
  1.8991013e-04
 -1.4956312e-05
  1.6567101e-05
  8.2241648e-05
 -1.3266043e-04
  3.6801506e-05
  4.8558897e-05
  5.7426691e-06
  8.1469640e-05
  8.4696760e-05
 -8.4485779e-05
 -1.2067777e-04
 -5.3335909e-05
 -1.6279577e-04
 -7.1307149e-06
  5.6624041e-05
 -6.1650440e-05
 -1.3343713e-05
 -3.3059674e-05
  5.7048683e-06
 -1.5877757e-05
 -3.9735365e-05
  5.9840251e-05
  4.6834062e-05
  7.3142990e-05
 -1.7142589e-05
  8.9845627e-05
 -2.8131590e-06
 -7.6573133e-06
 -7.8562465e-05
  1.1548806e-04
  4.8398456e-06
  3.5040372e-04
  2.4358575e-05
  1.5031547e-05
  1.6464836e-04
  2.4263509e-05
  5.1685991e-05
 -1.1199305e-04
 -2.3466653e-05
 -5.7908597e-05
 -8.0332378e-05
  6.0837203e-05
  1.4264944e-04
  1.0188840e-05
  1.4433092e-05
 -3.2619303e-06
  6.7465546e-05
 -6.0730763e-05
 -7.9968770e-05
  8.2045779e-05
 -7.2067793e-05
  5.0476538e-05
  8.1194230e-05
 -5.9590038e-05
  8.1469203e-05
 -5.2379863e-05
 -1.7668650e-04
 -4.3084743e-05
 -9.1867303e-05
 -4.1389690e-06
  1.5352520e-05
 -6.1087107e-05
  4.0037670e-05
  1.6438845e-04
  1.4104483e-05
 -3.1050685e-04
  7.3527935e-06
  2.8780840e-05
 -7.4807900e-07
 -3.5465816e-06
 -1.9332228e-04
  5.0644965e-05
 -4.1125761e-05
 -7.7497047e-05
 -8.4895555e-06
 -1.2521804e-04
 -2.6207181e-05
  1.4019784e-05
  1.3234391e-04
 -8.3685001e-05
 -5.3880663e-05
 -3.2646316e-05
 -1.2257908e-04
  4.2110270e-05
  2.1462511e-04
 -3.0319668e-05
  5.9259302e-05
  8.9136483e-05
  2.1208723e-05
 -8.9291229e-05
 -4.4139993e-05
 -3.3612527e-05
 -1.9208393e-04
 -6.0175345e-05
  2.4267889e-05
  1.1584547e-04
 -9.5300798e-05
 -1.5810163e-05
  4.5276713e-05
  3.2402117e-05
 -5.4311709e-05
  9.2087876e-06
 -9.5863652e-05
  1.7431821e-05
 -1.3756497e-04
 -1.0847722e-04
  6.6512308e-05
 -3.4419692e-05
 -2.9473893e-05
 -1.5882603e-04
 -1.1603328e-05
  3.1627973e-05
 -1.8895893e-04
  5.6971086e-05
 -1.1895341e-06
  3.1956029e-04
 -1.4265729e-04
 -2.2718623e-05
  1.6059967e-04
 -1.2436730e-04
 -2.9246907e-05
  2.3026552e-04
 -4.5004334e-05
 -4.8327256e-05
 -2.8520250e-05
  3.2441225e-05
 -1.3925986e-04
  1.5227231e-05
  6.5859545e-05
  5.5212196e-05
  1.7637837e-04
 -3.8337988e-05
  1.0175220e-05
 -5.1137227e-05
  1.9162987e-01
  1.2095239e-06
 -8.4842595e-06
  5.2687152e-05
 -8.3983250e-06
  6.5274646e-05
 -6.3852101e-05
 -8.1888116e-05
  1.1735981e-04
 -2.5654890e-06
 -9.1115107e-05
  4.5139956e-01
  9.4896612e-05
  7.3238224e-02
  4.9196951e-06
  1.6181044e-05
  5.1649284e-05
 -1.0493976e-05
  2.2270219e+00
 -2.1519587e-05
  3.0377632e-05
  7.5485848e-05
 -5.4569475e-05
  5.6886885e-05
 -8.9756620e-01
 -4.9797436e-05
 -1.5297951e-04
 -6.1107028e-02
 -7.8559315e-06
  6.8517540e-05
 -5.8205416e-05
  3.8024118e-05
  9.6307087e-01
  7.7436762e-06
 -1.8356401e-05
  2.0445841e-05
 -1.5275710e-04
  8.3788378e-05
  1.1820326e-04
  7.7179306e-05
  3.8188686e-05
 -2.5064404e-05
  2.5949226e-05
 -3.8576647e-05
  4.9852006e-05
  1.3166029e-04
 -6.0563453e-02
  7.0328351e-05
  2.7405156e-05
  1.0588358e-04
 -7.7194005e-01
 -3.5452620e-05
  1.2663803e-04
  9.2484106e-07
  4.1722869e-06
 -1.3258310e-05
  3.9206284e-01
 -1.7641525e-05
 -7.4941214e-05
 -9.1983842e-05
 -1.1459082e+00
 -8.1483763e-01
  5.2623795e-06
  1.0236276e+00
  1.0737796e-04
 -3.9569113e-05
 -1.9155765e-01
 -2.8445234e-05
  7.9274476e-01
 -1.7463825e-04
  1.0892940e-04
 -3.8331727e-05
  7.0406095e-05
 -6.8876849e-05
  7.5532746e-01
 -8.9048423e-05
 -3.2272470e-05
  4.8249006e-01
  3.7319571e-01
 -3.0953179e-05
 -3.8095684e-05
  3.1326061e-01
  6.8559867e-01
  6.7303139e-05
  1.0226868e-04
  5.6903755e-06
 -5.2086029e-02
 -2.2575348e-04
  1.2869279e-05
 -1.0480691e-06
 -2.4179837e-05
  9.8096141e-05
 -6.4995922e-02
  4.0024654e-05
  2.5568181e-04
 -6.8059817e-05
  1.0103538e+00
  1.1279491e-01
  4.8482012e-05
 -6.5377858e-06
  2.5697272e+00
 -7.7626944e-01
 -6.1558938e-01
 -1.3698344e+00
  9.8240352e-01
 -2.9866737e-01
  7.1401256e-01
 -2.9824299e-03
 -1.0511653e-04
  6.3495678e-01
 -1.6458279e+00
  5.7642347e-01
  2.4315204e-01
  1.0155342e+00
  7.3429480e-02
 -1.2230856e+00
  9.3716514e-01
 -2.4922964e-01
  1.0783517e-01
 -7.2940260e-01
  8.4055418e-01
  5.9915978e-01
  2.2607485e-02
 -1.0633121e-01
  1.0587289e+00
 -4.9020320e-01
  6.7869973e-01
  5.3572220e-01
  2.5208905e-01
  6.7153549e-01
 -8.9317137e-01
 -1.1358823e+00
  1.3751641e-01
  1.6415583e+00
  8.4718414e-02
 -8.3576739e-01
  1.2725073e-01
  2.6024628e+00
 -4.8537679e+00
  9.6946645e-01
 -2.0086534e+00
 -1.2630728e-01
  1.3573525e+00
  1.3274531e+00
 -1.4484045e-01
  9.1610807e-01
  3.4507611e-01
 -4.1620737e-01
 -7.6406864e-03
  1.0523660e+00
  5.5636716e-01
  1.4946611e+00
  5.7462972e-01
  2.0930862e+00
 -7.7287197e-01
 -2.2140598e-01
 -3.9312464e-01
 -1.3201189e-01
 -5.8563936e-01
 -3.3629680e-01
  8.1790790e-02
  1.4675481e+00
 -1.0733871e+00
 -2.8195906e-01
 -1.2615484e+00
  1.0091536e+00
  3.7985229e-01
  4.1422474e-01
  1.5765086e-01
  8.1032479e-01
 -6.0183913e-01
 -3.4219357e-01
  2.8680357e-01
  1.0074925e+00
  1.9287376e-01
 -1.0558878e-02
 -5.8372504e-01
  6.0260731e-01
  1.1033118e+00
  9.7520315e-05
  8.9644145e-06
 -1.3784989e+00
  2.0971553e+00
  2.0546495e-05
 -1.1286401e-03
 -5.9998864e-01
  1.0423976e+00
 -2.3585873e-05
 -3.7435874e-01
 -2.3183720e+00
  2.4150519e+00
 -1.1769110e-04
 -7.7746161e-05
 -1.4308295e+00
  7.1899438e-01
  2.4566017e-04
 -3.1081473e-02
 -1.4222143e+00
  1.1338685e-01
  1.0781413e-01
  6.4030029e-02
  5.7188058e-01
 -1.4317752e+00
 -3.3456128e-02
 -2.6921706e-02
  7.6093704e-01
 -1.4623754e-01
 -6.2673199e-01
 -1.9479318e-01
 -1.4074969e-01
  6.3790941e-01
 -6.7368418e-02
 -1.0275083e+00
  3.0143061e-01
 -1.9203275e+00
 -8.2235497e-01
  2.2355632e-01
 -1.3975668e+00
  1.6313833e+00
  1.9513370e-01
 -1.0340887e-01
  2.8133776e+00
 -1.4177099e+00
  2.4929779e+00
  1.3258775e+00
  1.3923806e+00
 -1.6132978e+00
 -4.9019286e-01
  1.8387940e+00
  2.4957289e-01
  1.2300408e-01
 -1.9601526e+00
 -1.2820259e+00
 -9.8366541e-01
 -7.1798354e-01
 -1.4133521e+00
 -5.1580554e-01
 -6.2867779e-01
  2.7814099e-01
 -1.2293583e-02
  6.4484797e-02
  7.3836452e-01
 -5.9022170e-01
  1.5532997e+00
  4.3332541e-01
  2.6454562e-01
 -2.6022680e+00
 -6.8385154e-01
  2.2147574e+00
  1.2371533e-04
 -1.1013138e+00
  1.9405097e-05
  2.9548997e-01
 -1.1805842e+00
  6.3710523e-01
  6.7161298e-01
 -9.8326039e-01
  1.8739696e+00
  1.0108417e+00
  2.2837560e-01
  8.7313145e-01
  4.5131591e-01
  1.9616901e+00
 -2.8410590e-01
 -2.8536111e-01
  5.8981076e-02
  2.8601280e-01
 -1.3366879e+00
 -7.8190476e-02
  2.1275222e+00
  1.0221093e-05
 -8.9954281e-01
 -2.2785904e+00
  5.6605887e-02
 -2.5310299e-01
 -8.7069869e-01
 -1.6033520e-01
  2.9999110e-01
  2.3131878e+00
 -1.1701469e-01
  2.5992561e-02
 -4.6122237e-03
 -1.5316416e-01
 -1.3675883e+00
 -1.1147908e+00
  5.5534953e-01
  1.7881230e-01
 -5.0752657e-03
 -1.5362976e-04
 -4.2785469e-01
  2.0550346e+00
 -8.1768267e-02
 -9.7848529e-01
 -6.4343476e-01
  1.8287004e+00
  2.8529184e+00
 -1.6031161e-02
  3.5463977e-01
 -2.9272137e+00
 -7.6729614e-01
 -9.9156789e-02
 -1.0152874e+00
  8.2832527e-01
  3.1466562e-01
 -1.7602882e-01
 -2.0215709e+00
  2.2048323e+00
 -4.0744025e-01
 -6.5534702e-04
 -2.0651652e-01
  1.2984482e+00
  1.3360245e+00
 -2.2511961e-01
  6.5079230e-01
 -1.8078734e+00
  2.8787887e-01
 -1.1984804e-02
  5.0766951e-01
  4.7489602e-02
 -9.9421275e-01
  3.2188165e+00
  7.6696277e-05
 -7.5194322e-02
  2.0840572e-02
 -2.4543375e-05
  3.2265827e-01
  4.7938174e-01
  4.1254431e-01
  6.5812469e-01
 -6.0238555e-02
  3.7912095e-01
 -1.1479789e+00
  9.3308210e-01
  1.8028656e-01
 -1.3900044e+00
 -1.7488654e-01
  1.3475837e-05
 -6.5266699e-01
 -3.5083088e-01
  3.8000876e-01
  9.4119459e-01
 -4.9248660e-01
 -1.6889983e+00
 -1.6771105e-01
  7.4877584e-01
  1.2328056e+00
 -1.5954405e+00
 -5.6178474e-01
  5.7868356e-01
  1.6232808e+00
  1.9022031e-01
 -1.6369832e+00
  1.2159373e-01
  9.8408312e-01
  1.3253461e+00
 -9.0168065e-01
 -1.2443285e+00
  1.2835965e+00
  3.3691895e-01
 -8.3130893e-05
 -2.5818552e-05
  1.1012441e+00
  2.8123257e+00
 -4.2930315e-04
 -1.1148204e-01
  1.3723205e+00
 -5.3921115e-01
 -1.0641251e+00
 -7.9029150e-02
  2.9413707e+00
 -1.6560504e+00
 -8.4762239e-01
 -7.4657314e-02
  4.8258323e-02
 -2.6889212e+00
 -5.0601315e-01
 -3.6578495e-02
 -6.8196601e-01
 -1.2819473e+00
  3.3517866e-04
 -3.6736166e-01
 -1.2221919e+00
 -8.5526693e-01
 -8.8713765e-01
 -3.0880779e-01
 -9.8416364e-01
 -8.4230506e-01
 -1.4250305e+00
 -6.6163993e-06
 -5.3630841e-01
  9.0224230e-01
  1.9803326e+00
  1.3683213e+00
  1.2364341e-01
  2.3407414e+00
  3.3058848e-06
  3.1775075e-05
  5.0378948e-01
  2.1984385e-01
 -2.5115052e-01
  1.0295958e-01
 -1.2932079e+00
  1.0191501e+00
 -1.2238472e+00
  4.1068298e-01
 -1.1020013e+00
  1.6747504e+00
 -5.8418667e-01
  2.2924314e-01
  6.2036097e-02
  6.2217307e-01
 -1.6090904e+00
  1.6198313e-01
  4.4356531e-01
 -1.6719139e-01
 -1.2742493e-01
 -9.1496569e-01
 -7.4024528e-01
  1.6419971e+00
  6.0346556e-01
  7.4492544e-01
 -5.3422481e-01
 -1.7643722e-02
  3.4713721e-01
  1.9492571e-01
  8.4810901e-01
 -2.0197575e-01
  4.2181674e-01
 -2.5329563e-01
  1.3769259e-04
 -1.0180407e+00
  8.5174006e-01
  4.3134380e-05
  6.5340048e-01
 -5.4308981e-01
 -1.0122901e+00
 -2.3106016e-01
 -4.4837147e-01
 -8.5615271e-01
  5.4863662e-01
  1.6589349e-04
  6.3130033e-01
 -3.7641054e-01
  7.7011472e-01
 -1.5369235e-01
  2.0268242e+00
 -1.8029335e-01
 -4.2718145e-01
 -8.0506846e-02
 -3.4377471e-02
 -6.6689366e-01
  4.2896304e-02
 -6.4677210e-05
 -5.7793695e-01
  3.9828336e-01
  6.7050874e-01
 -6.0436440e-01
 -8.5529906e-01
  1.6385373e-01
  1.1607623e-01
  2.5649655e-01
  2.6174545e+00
  4.2656090e-02
  1.4339031e+00
  4.6863639e-05
  5.5120195e-06
  1.3259557e-05
  1.3488422e-01
  8.6670218e-05
  1.8560807e-01
 -1.3407288e-01
 -1.3497518e-04
  1.6072332e-05
 -9.0644604e-01
  9.0877945e-04
  1.0318100e+00
  2.2004556e-06
  4.0849322e-01
  4.4242239e-01
 -1.1917842e-04
  4.8804177e-05
 -5.5251396e-01
 -8.1622970e-01
  3.3821023e-01
 -6.4959258e-02
  1.6513288e-05
 -7.8927255e-01
  6.9678105e-02
  2.7310380e-03
  7.4300535e-02
  2.7690873e-02
  1.7785341e-01
 -3.0715251e-01
  4.7297207e-01
 -1.7986612e-01
  5.0383729e-01
  5.2957452e-04
  1.6743147e+00
 -1.8786712e+00
 -4.5545780e-06
 -1.9472126e-04
  1.3144864e-04
 -8.3495593e-01
 -3.0088791e-04
 -2.9436345e-05
 -1.7304758e+00
  1.8503919e+00
 -1.9586155e-04
 -9.5529910e-03
 -3.4700131e-01
 -2.4395531e-01
 -7.0201590e-05
  1.2942027e-04
 -1.1070361e+00
  1.2013792e+00
 -2.6332093e-05
 -2.6604220e-01
  2.9677369e-02
  8.4620744e-01
  3.8222766e-05
  2.0934166e-04
  4.7891974e-01
  1.1026909e-01
  1.0264936e-04
 -4.0662126e-05
 -4.4519296e-03
 -8.9836800e-01
  2.4375187e-04
  9.1981037e-06
 -2.9840153e-01
 -3.8862547e-01
 -2.3376802e-05
  1.6732872e-04
  5.8251595e-01
 -3.0357471e-02
  1.4270864e+00
  9.7863364e-04
  8.4463872e-02
 -8.9355665e-01
  3.0807579e-01
  1.7060236e-04
 -9.1026671e-02
 -3.4213439e-01
 -7.3222852e-01
  7.1521383e-05
  1.1062871e+00
 -4.7873741e-01
  1.4717234e+00
  1.0202957e-01
 -7.3255038e-01
 -9.6779770e-01
  2.1409409e-01
 -1.6944438e-02
 -3.5920754e-01
 -4.6769012e-02
 -5.1286775e-01
  3.4350690e-01
 -3.6347661e-02
 -6.1448473e-01
  3.1399019e-02
 -1.0601420e-02
  2.5473872e-01
  1.8984812e-01
  1.3090803e-01
  1.8665147e-01
  1.8609944e-01
  2.6829684e-01
 -3.5415411e-01
  1.8907303e-05
  3.0718854e-01
 -1.5627772e+00
  1.0918562e-01
 -8.1962527e-05
  6.8805166e-05
 -6.8174702e-01
 -2.0289268e-01
  2.6296977e-05
 -9.8956205e-02
  2.4078069e+00
  4.6823326e-01
  4.4096341e-05
 -4.5840392e-01
 -4.3155491e-01
 -1.4543374e-01
 -1.5139922e-01
 -5.2970552e-01
  2.4462253e-01
 -1.0820483e+00
  1.3893467e-04
  1.4878056e+00
  2.7764678e-01
  1.7831956e-01
  9.6957199e-05
  2.1318994e-04
 -2.1740830e-02
  5.5746228e-02
 -2.7645552e-01
 -1.2167302e+00
 -3.7013805e-01
 -5.2811497e-01
  3.5346217e-02
 -5.4033887e-01
  5.2696712e-02
 -1.6207200e-01
  1.4059734e-01
  1.5918499e-02
 -1.2382902e+00
  1.7767443e-05
  7.6092809e-05
  7.5278074e-01
  3.6155698e-01
  8.4670566e-05
 -1.7644938e-04
  3.8032213e-01
  5.8644134e-01
 -7.7767108e-06
  1.2597005e-05
  8.4825546e-01
  5.0932455e-01
  5.1067582e-05
 -1.0822036e-04
 -8.0011058e-01
 -1.7826299e-01
 -2.0153097e-05
  7.4083371e-05
  4.8655421e-02
  3.4989025e-02
 -3.5650733e-05
 -1.1061008e-04
  2.7260554e+00
 -3.3317864e-01
  3.9684825e-04
 -6.1789258e-05
  1.5770929e+00
  3.0778623e-01
  4.1781100e-06
  2.8687087e-05
 -3.7753892e-01
 -1.0804044e-01
 -8.3534833e-06
  7.0195099e-05
  4.7695465e-02
  4.2952591e-01
 -9.6374147e-02
  8.0366516e-01
  5.3568525e-05
 -1.9701520e+00
  2.0670508e-05
 -1.0096243e-05
  5.6903828e-02
  3.4751514e-01
 -2.9572770e-01
  3.8397147e-06
 -3.5419485e-01
  2.2483163e-01
 -5.1692769e-02
  1.0839865e-02
  4.7911060e-01
 -3.4790000e-01
  1.1116404e-01
 -2.1669912e-04
 -9.4480347e-03
  2.2291701e-01
 -7.4625283e-01
  5.8347464e-01
  1.6745512e-01
  1.1724006e-01
 -7.0272875e-01
 -2.8959559e-05
  5.2900928e-01
 -2.3920767e+00
  1.0800997e+00
  4.7744399e-01
  2.4009153e-01
 -2.3120058e+00
 -4.6175721e-01
  2.9520275e-05
 -2.6345494e-01
 -1.9290569e-01
  1.5052328e-04
 -1.0537421e+00
 -6.2840325e-03
 -2.2628425e-04
  2.7806780e-04
 -1.5229663e-04
  1.1388803e-01
  5.1600122e-01
  4.4012249e-05
 -7.0228362e-01
 -4.9700713e-01
  5.1096821e-01
  4.4927411e-03
 -5.0606793e-01
  5.1476955e-01
 -5.0725418e-01
  1.4093348e-04
 -1.6183566e-03
 -5.8658701e-01
  1.4899216e+00
  1.3581628e-05
 -1.0256685e+00
 -1.0117486e-01
  3.4610400e-01
  5.6151763e-02
 -3.2539694e-05
  1.2450353e-01
 -1.2493574e-01
 -2.5716301e-05
 -7.4142098e-01
 -1.7959769e-01
 -5.9410739e-01
  5.0634968e-01
 -4.7117949e-01
 -1.3353223e+00
 -5.5146796e-01
  5.1265746e-01
  8.7258720e-01
  2.4559572e-03
 -1.9561552e-01
 -9.9825636e-02
  1.1227664e-04
 -1.6718562e-01
  1.0727342e-04
  8.3181989e-01
  4.0372419e-01
  2.0241280e-01
 -1.5870333e+00
 -1.7058751e-01
  1.1912962e+00
  7.8591412e-01
  7.9190284e-01
 -3.0792254e-01
  1.0284908e-06
  1.4973154e+00
 -4.7933084e-01
  2.6142275e-01
  7.4661988e-01
  2.0620203e+00
  9.5075473e-02
 -7.5959498e-01
  7.5079328e-01
  1.7700691e+00
  9.1273159e-02
 -4.7411406e-01
  4.4849491e-01
  7.6225454e-01
 -2.7198002e-02
  1.5920562e-01
  1.4347973e+00
  5.4192953e-02
  5.4192953e-02
  5.4192953e-02
  5.4192953e-02
  5.4192953e-02
  5.4192953e-02
  5.4192953e-02
  5.4192953e-02
  5.4192953e-02
  3.2334390e-01
  3.2334390e-01
  3.2334390e-01
  3.2334390e-01
  3.2334390e-01
  3.2334390e-01
  3.2334390e-01
  3.2334390e-01
  3.2334390e-01
  1.2503068e-01
  1.2503068e-01
  1.2503068e-01
  1.2503068e-01
  1.2503068e-01
  1.2503068e-01
  1.2503068e-01
  1.2503068e-01
  1.2503068e-01
  3.2750614e-02
  3.2750614e-02
  3.2750614e-02
  3.2750614e-02
  3.2750614e-02
  3.2750614e-02
  3.2750614e-02
  3.2750614e-02
  3.2750614e-02
  1.2962988e-02
  1.2962988e-02
  1.2962988e-02
  1.2962988e-02
  1.2962988e-02
  1.2962988e-02
  1.2962988e-02
  1.2962988e-02
  1.2962988e-02
  1.2474235e-01
  1.2474235e-01
  1.2474235e-01
  1.2474235e-01
  1.2474235e-01
  1.2474235e-01
  1.2474235e-01
  1.2474235e-01
  1.2474235e-01
